Product code,Bureau of Meteorology station number,Year,Month,Day,Maximum temperature (Degree C),Days of accumulation of maximum temperature,Quality
IDCJAC0010,66214,2017,1,1,,,
IDCJAC0010,66214,2017,1,2,,,
IDCJAC0010,66214,2017,1,3,,,
IDCJAC0010,66214,2017,1,4,,,
IDCJAC0010,66214,2017,1,5,,,
IDCJAC0010,66214,2017,1,6,,,
IDCJAC0010,66214,2017,1,7,,,
IDCJAC0010,66214,2017,1,8,,,
IDCJAC0010,66214,2017,1,9,,,
IDCJAC0010,66214,2017,1,10,,,
IDCJAC0010,66214,2017,1,11,,,
IDCJAC0010,66214,2017,1,12,,,
IDCJAC0010,66214,2017,1,13,,,
IDCJAC0010,66214,2017,1,14,,,
IDCJAC0010,66214,2017,1,15,,,
IDCJAC0010,66214,2017,1,16,,,
IDCJAC0010,66214,2017,1,17,,,
IDCJAC0010,66214,2017,1,18,,,
IDCJAC0010,66214,2017,1,19,,,
IDCJAC0010,66214,2017,1,20,,,
IDCJAC0010,66214,2017,1,21,,,
IDCJAC0010,66214,2017,1,22,,,
IDCJAC0010,66214,2017,1,23,,,
IDCJAC0010,66214,2017,1,24,,,
IDCJAC0010,66214,2017,1,25,,,
IDCJAC0010,66214,2017,1,26,,,
IDCJAC0010,66214,2017,1,27,,,
IDCJAC0010,66214,2017,1,28,,,
IDCJAC0010,66214,2017,1,29,,,
IDCJAC0010,66214,2017,1,30,,,
IDCJAC0010,66214,2017,1,31,,,
IDCJAC0010,66214,2017,2,1,,,
IDCJAC0010,66214,2017,2,2,,,
IDCJAC0010,66214,2017,2,3,,,
IDCJAC0010,66214,2017,2,4,,,
IDCJAC0010,66214,2017,2,5,,,
IDCJAC0010,66214,2017,2,6,,,
IDCJAC0010,66214,2017,2,7,,,
IDCJAC0010,66214,2017,2,8,,,
IDCJAC0010,66214,2017,2,9,,,
IDCJAC0010,66214,2017,2,10,,,
IDCJAC0010,66214,2017,2,11,,,
IDCJAC0010,66214,2017,2,12,,,
IDCJAC0010,66214,2017,2,13,,,
IDCJAC0010,66214,2017,2,14,,,
IDCJAC0010,66214,2017,2,15,,,
IDCJAC0010,66214,2017,2,16,,,
IDCJAC0010,66214,2017,2,17,,,
IDCJAC0010,66214,2017,2,18,,,
IDCJAC0010,66214,2017,2,19,,,
IDCJAC0010,66214,2017,2,20,,,
IDCJAC0010,66214,2017,2,21,,,
IDCJAC0010,66214,2017,2,22,,,
IDCJAC0010,66214,2017,2,23,,,
IDCJAC0010,66214,2017,2,24,,,
IDCJAC0010,66214,2017,2,25,,,
IDCJAC0010,66214,2017,2,26,,,
IDCJAC0010,66214,2017,2,27,,,
IDCJAC0010,66214,2017,2,28,,,
IDCJAC0010,66214,2017,3,1,,,
IDCJAC0010,66214,2017,3,2,,,
IDCJAC0010,66214,2017,3,3,,,
IDCJAC0010,66214,2017,3,4,,,
IDCJAC0010,66214,2017,3,5,,,
IDCJAC0010,66214,2017,3,6,,,
IDCJAC0010,66214,2017,3,7,,,
IDCJAC0010,66214,2017,3,8,,,
IDCJAC0010,66214,2017,3,9,,,
IDCJAC0010,66214,2017,3,10,,,
IDCJAC0010,66214,2017,3,11,,,
IDCJAC0010,66214,2017,3,12,,,
IDCJAC0010,66214,2017,3,13,,,
IDCJAC0010,66214,2017,3,14,,,
IDCJAC0010,66214,2017,3,15,,,
IDCJAC0010,66214,2017,3,16,,,
IDCJAC0010,66214,2017,3,17,,,
IDCJAC0010,66214,2017,3,18,,,
IDCJAC0010,66214,2017,3,19,,,
IDCJAC0010,66214,2017,3,20,,,
IDCJAC0010,66214,2017,3,21,,,
IDCJAC0010,66214,2017,3,22,,,
IDCJAC0010,66214,2017,3,23,,,
IDCJAC0010,66214,2017,3,24,,,
IDCJAC0010,66214,2017,3,25,,,
IDCJAC0010,66214,2017,3,26,,,
IDCJAC0010,66214,2017,3,27,,,
IDCJAC0010,66214,2017,3,28,,,
IDCJAC0010,66214,2017,3,29,,,
IDCJAC0010,66214,2017,3,30,,,
IDCJAC0010,66214,2017,3,31,,,
IDCJAC0010,66214,2017,4,1,,,
IDCJAC0010,66214,2017,4,2,,,
IDCJAC0010,66214,2017,4,3,,,
IDCJAC0010,66214,2017,4,4,,,
IDCJAC0010,66214,2017,4,5,,,
IDCJAC0010,66214,2017,4,6,,,
IDCJAC0010,66214,2017,4,7,,,
IDCJAC0010,66214,2017,4,8,,,
IDCJAC0010,66214,2017,4,9,,,
IDCJAC0010,66214,2017,4,10,,,
IDCJAC0010,66214,2017,4,11,,,
IDCJAC0010,66214,2017,4,12,,,
IDCJAC0010,66214,2017,4,13,,,
IDCJAC0010,66214,2017,4,14,,,
IDCJAC0010,66214,2017,4,15,,,
IDCJAC0010,66214,2017,4,16,,,
IDCJAC0010,66214,2017,4,17,,,
IDCJAC0010,66214,2017,4,18,,,
IDCJAC0010,66214,2017,4,19,,,
IDCJAC0010,66214,2017,4,20,,,
IDCJAC0010,66214,2017,4,21,,,
IDCJAC0010,66214,2017,4,22,,,
IDCJAC0010,66214,2017,4,23,,,
IDCJAC0010,66214,2017,4,24,,,
IDCJAC0010,66214,2017,4,25,,,
IDCJAC0010,66214,2017,4,26,,,
IDCJAC0010,66214,2017,4,27,,,
IDCJAC0010,66214,2017,4,28,,,
IDCJAC0010,66214,2017,4,29,,,
IDCJAC0010,66214,2017,4,30,,,
IDCJAC0010,66214,2017,5,1,,,
IDCJAC0010,66214,2017,5,2,,,
IDCJAC0010,66214,2017,5,3,,,
IDCJAC0010,66214,2017,5,4,,,
IDCJAC0010,66214,2017,5,5,,,
IDCJAC0010,66214,2017,5,6,,,
IDCJAC0010,66214,2017,5,7,,,
IDCJAC0010,66214,2017,5,8,,,
IDCJAC0010,66214,2017,5,9,,,
IDCJAC0010,66214,2017,5,10,,,
IDCJAC0010,66214,2017,5,11,,,
IDCJAC0010,66214,2017,5,12,,,
IDCJAC0010,66214,2017,5,13,,,
IDCJAC0010,66214,2017,5,14,,,
IDCJAC0010,66214,2017,5,15,,,
IDCJAC0010,66214,2017,5,16,,,
IDCJAC0010,66214,2017,5,17,,,
IDCJAC0010,66214,2017,5,18,,,
IDCJAC0010,66214,2017,5,19,,,
IDCJAC0010,66214,2017,5,20,,,
IDCJAC0010,66214,2017,5,21,,,
IDCJAC0010,66214,2017,5,22,,,
IDCJAC0010,66214,2017,5,23,,,
IDCJAC0010,66214,2017,5,24,,,
IDCJAC0010,66214,2017,5,25,,,
IDCJAC0010,66214,2017,5,26,,,
IDCJAC0010,66214,2017,5,27,,,
IDCJAC0010,66214,2017,5,28,,,
IDCJAC0010,66214,2017,5,29,,,
IDCJAC0010,66214,2017,5,30,,,
IDCJAC0010,66214,2017,5,31,,,
IDCJAC0010,66214,2017,6,1,,,
IDCJAC0010,66214,2017,6,2,,,
IDCJAC0010,66214,2017,6,3,,,
IDCJAC0010,66214,2017,6,4,,,
IDCJAC0010,66214,2017,6,5,,,
IDCJAC0010,66214,2017,6,6,,,
IDCJAC0010,66214,2017,6,7,,,
IDCJAC0010,66214,2017,6,8,,,
IDCJAC0010,66214,2017,6,9,,,
IDCJAC0010,66214,2017,6,10,,,
IDCJAC0010,66214,2017,6,11,,,
IDCJAC0010,66214,2017,6,12,,,
IDCJAC0010,66214,2017,6,13,,,
IDCJAC0010,66214,2017,6,14,,,
IDCJAC0010,66214,2017,6,15,,,
IDCJAC0010,66214,2017,6,16,,,
IDCJAC0010,66214,2017,6,17,,,
IDCJAC0010,66214,2017,6,18,,,
IDCJAC0010,66214,2017,6,19,,,
IDCJAC0010,66214,2017,6,20,,,
IDCJAC0010,66214,2017,6,21,,,
IDCJAC0010,66214,2017,6,22,,,
IDCJAC0010,66214,2017,6,23,,,
IDCJAC0010,66214,2017,6,24,,,
IDCJAC0010,66214,2017,6,25,,,
IDCJAC0010,66214,2017,6,26,,,
IDCJAC0010,66214,2017,6,27,,,
IDCJAC0010,66214,2017,6,28,,,
IDCJAC0010,66214,2017,6,29,,,
IDCJAC0010,66214,2017,6,30,,,
IDCJAC0010,66214,2017,7,1,,,
IDCJAC0010,66214,2017,7,2,,,
IDCJAC0010,66214,2017,7,3,,,
IDCJAC0010,66214,2017,7,4,,,
IDCJAC0010,66214,2017,7,5,,,
IDCJAC0010,66214,2017,7,6,,,
IDCJAC0010,66214,2017,7,7,,,
IDCJAC0010,66214,2017,7,8,,,
IDCJAC0010,66214,2017,7,9,,,
IDCJAC0010,66214,2017,7,10,,,
IDCJAC0010,66214,2017,7,11,,,
IDCJAC0010,66214,2017,7,12,,,
IDCJAC0010,66214,2017,7,13,,,
IDCJAC0010,66214,2017,7,14,,,
IDCJAC0010,66214,2017,7,15,,,
IDCJAC0010,66214,2017,7,16,,,
IDCJAC0010,66214,2017,7,17,,,
IDCJAC0010,66214,2017,7,18,,,
IDCJAC0010,66214,2017,7,19,,,
IDCJAC0010,66214,2017,7,20,,,
IDCJAC0010,66214,2017,7,21,,,
IDCJAC0010,66214,2017,7,22,,,
IDCJAC0010,66214,2017,7,23,,,
IDCJAC0010,66214,2017,7,24,,,
IDCJAC0010,66214,2017,7,25,,,
IDCJAC0010,66214,2017,7,26,,,
IDCJAC0010,66214,2017,7,27,,,
IDCJAC0010,66214,2017,7,28,,,
IDCJAC0010,66214,2017,7,29,,,
IDCJAC0010,66214,2017,7,30,,,
IDCJAC0010,66214,2017,7,31,,,
IDCJAC0010,66214,2017,8,1,,,
IDCJAC0010,66214,2017,8,2,,,
IDCJAC0010,66214,2017,8,3,,,
IDCJAC0010,66214,2017,8,4,,,
IDCJAC0010,66214,2017,8,5,,,
IDCJAC0010,66214,2017,8,6,,,
IDCJAC0010,66214,2017,8,7,,,
IDCJAC0010,66214,2017,8,8,,,
IDCJAC0010,66214,2017,8,9,,,
IDCJAC0010,66214,2017,8,10,,,
IDCJAC0010,66214,2017,8,11,,,
IDCJAC0010,66214,2017,8,12,,,
IDCJAC0010,66214,2017,8,13,,,
IDCJAC0010,66214,2017,8,14,,,
IDCJAC0010,66214,2017,8,15,,,
IDCJAC0010,66214,2017,8,16,,,
IDCJAC0010,66214,2017,8,17,,,
IDCJAC0010,66214,2017,8,18,,,
IDCJAC0010,66214,2017,8,19,,,
IDCJAC0010,66214,2017,8,20,,,
IDCJAC0010,66214,2017,8,21,,,
IDCJAC0010,66214,2017,8,22,,,
IDCJAC0010,66214,2017,8,23,,,
IDCJAC0010,66214,2017,8,24,,,
IDCJAC0010,66214,2017,8,25,,,
IDCJAC0010,66214,2017,8,26,,,
IDCJAC0010,66214,2017,8,27,,,
IDCJAC0010,66214,2017,8,28,,,
IDCJAC0010,66214,2017,8,29,,,
IDCJAC0010,66214,2017,8,30,,,
IDCJAC0010,66214,2017,8,31,,,
IDCJAC0010,66214,2017,9,1,,,
IDCJAC0010,66214,2017,9,2,,,
IDCJAC0010,66214,2017,9,3,,,
IDCJAC0010,66214,2017,9,4,,,
IDCJAC0010,66214,2017,9,5,,,
IDCJAC0010,66214,2017,9,6,,,
IDCJAC0010,66214,2017,9,7,,,
IDCJAC0010,66214,2017,9,8,,,
IDCJAC0010,66214,2017,9,9,,,
IDCJAC0010,66214,2017,9,10,,,
IDCJAC0010,66214,2017,9,11,,,
IDCJAC0010,66214,2017,9,12,,,
IDCJAC0010,66214,2017,9,13,,,
IDCJAC0010,66214,2017,9,14,,,
IDCJAC0010,66214,2017,9,15,,,
IDCJAC0010,66214,2017,9,16,,,
IDCJAC0010,66214,2017,9,17,,,
IDCJAC0010,66214,2017,9,18,,,
IDCJAC0010,66214,2017,9,19,,,
IDCJAC0010,66214,2017,9,20,,,
IDCJAC0010,66214,2017,9,21,,,
IDCJAC0010,66214,2017,9,22,,,
IDCJAC0010,66214,2017,9,23,,,
IDCJAC0010,66214,2017,9,24,,,
IDCJAC0010,66214,2017,9,25,,,
IDCJAC0010,66214,2017,9,26,,,
IDCJAC0010,66214,2017,9,27,,,
IDCJAC0010,66214,2017,9,28,,,
IDCJAC0010,66214,2017,9,29,,,
IDCJAC0010,66214,2017,9,30,,,
IDCJAC0010,66214,2017,10,1,,,
IDCJAC0010,66214,2017,10,2,,,
IDCJAC0010,66214,2017,10,3,,,
IDCJAC0010,66214,2017,10,4,,,
IDCJAC0010,66214,2017,10,5,,,
IDCJAC0010,66214,2017,10,6,,,
IDCJAC0010,66214,2017,10,7,,,
IDCJAC0010,66214,2017,10,8,,,
IDCJAC0010,66214,2017,10,9,,,
IDCJAC0010,66214,2017,10,10,,,
IDCJAC0010,66214,2017,10,11,,,
IDCJAC0010,66214,2017,10,12,,,
IDCJAC0010,66214,2017,10,13,,,
IDCJAC0010,66214,2017,10,14,,,
IDCJAC0010,66214,2017,10,15,,,
IDCJAC0010,66214,2017,10,16,,,
IDCJAC0010,66214,2017,10,17,,,
IDCJAC0010,66214,2017,10,18,25,1,Y
IDCJAC0010,66214,2017,10,19,27.1,1,Y
IDCJAC0010,66214,2017,10,20,19.5,1,Y
IDCJAC0010,66214,2017,10,21,19.6,1,Y
IDCJAC0010,66214,2017,10,22,23.3,1,Y
IDCJAC0010,66214,2017,10,23,22.7,1,Y
IDCJAC0010,66214,2017,10,24,25.2,1,Y
IDCJAC0010,66214,2017,10,25,27.3,1,Y
IDCJAC0010,66214,2017,10,26,24.1,1,Y
IDCJAC0010,66214,2017,10,27,23.6,1,Y
IDCJAC0010,66214,2017,10,28,25.3,1,Y
IDCJAC0010,66214,2017,10,29,30.8,1,Y
IDCJAC0010,66214,2017,10,30,35.1,1,Y
IDCJAC0010,66214,2017,10,31,20.3,1,Y
IDCJAC0010,66214,2017,11,1,22.8,1,Y
IDCJAC0010,66214,2017,11,2,23.8,1,Y
IDCJAC0010,66214,2017,11,3,27.5,1,Y
IDCJAC0010,66214,2017,11,4,16.9,1,Y
IDCJAC0010,66214,2017,11,5,18.8,1,Y
IDCJAC0010,66214,2017,11,6,25.8,1,Y
IDCJAC0010,66214,2017,11,7,21.4,1,Y
IDCJAC0010,66214,2017,11,8,21.5,1,Y
IDCJAC0010,66214,2017,11,9,23.8,1,Y
IDCJAC0010,66214,2017,11,10,25,1,Y
IDCJAC0010,66214,2017,11,11,25.2,1,Y
IDCJAC0010,66214,2017,11,12,23.9,1,Y
IDCJAC0010,66214,2017,11,13,24.7,1,Y
IDCJAC0010,66214,2017,11,14,24.1,1,Y
IDCJAC0010,66214,2017,11,15,25.5,1,Y
IDCJAC0010,66214,2017,11,16,25.6,1,Y
IDCJAC0010,66214,2017,11,17,25.3,1,Y
IDCJAC0010,66214,2017,11,18,23.8,1,Y
IDCJAC0010,66214,2017,11,19,25.4,1,Y
IDCJAC0010,66214,2017,11,20,23.8,1,Y
IDCJAC0010,66214,2017,11,21,25,1,Y
IDCJAC0010,66214,2017,11,22,26,1,Y
IDCJAC0010,66214,2017,11,23,26,1,Y
IDCJAC0010,66214,2017,11,24,26.4,1,Y
IDCJAC0010,66214,2017,11,25,27.4,1,Y
IDCJAC0010,66214,2017,11,26,28.1,1,Y
IDCJAC0010,66214,2017,11,27,26.2,1,Y
IDCJAC0010,66214,2017,11,28,28,1,Y
IDCJAC0010,66214,2017,11,29,28.3,1,Y
IDCJAC0010,66214,2017,11,30,28.1,1,Y
IDCJAC0010,66214,2017,12,1,29,1,Y
IDCJAC0010,66214,2017,12,2,28,1,Y
IDCJAC0010,66214,2017,12,3,29.4,1,Y
IDCJAC0010,66214,2017,12,4,18.4,1,Y
IDCJAC0010,66214,2017,12,5,25.2,1,Y
IDCJAC0010,66214,2017,12,6,26.1,1,Y
IDCJAC0010,66214,2017,12,7,31.5,1,Y
IDCJAC0010,66214,2017,12,8,27.7,1,Y
IDCJAC0010,66214,2017,12,9,26,1,Y
IDCJAC0010,66214,2017,12,10,27,1,Y
IDCJAC0010,66214,2017,12,11,28.3,1,Y
IDCJAC0010,66214,2017,12,12,28.3,1,Y
IDCJAC0010,66214,2017,12,13,29.7,1,Y
IDCJAC0010,66214,2017,12,14,31.5,1,Y
IDCJAC0010,66214,2017,12,15,26.2,1,Y
IDCJAC0010,66214,2017,12,16,28.8,1,Y
IDCJAC0010,66214,2017,12,17,27.1,1,Y
IDCJAC0010,66214,2017,12,18,28.6,1,Y
IDCJAC0010,66214,2017,12,19,33.3,1,Y
IDCJAC0010,66214,2017,12,20,39,1,Y
IDCJAC0010,66214,2017,12,21,25.4,1,Y
IDCJAC0010,66214,2017,12,22,29.2,1,Y
IDCJAC0010,66214,2017,12,23,28.9,1,Y
IDCJAC0010,66214,2017,12,24,37.3,1,Y
IDCJAC0010,66214,2017,12,25,21.5,1,Y
IDCJAC0010,66214,2017,12,26,24.5,1,Y
IDCJAC0010,66214,2017,12,27,28.7,1,Y
IDCJAC0010,66214,2017,12,28,29.5,1,Y
IDCJAC0010,66214,2017,12,29,29.4,1,Y
IDCJAC0010,66214,2017,12,30,36.1,1,Y
IDCJAC0010,66214,2017,12,31,27.6,1,Y
IDCJAC0010,66214,2018,1,1,29,1,Y
IDCJAC0010,66214,2018,1,2,29.2,1,Y
IDCJAC0010,66214,2018,1,3,25.1,1,Y
IDCJAC0010,66214,2018,1,4,25.7,1,Y
IDCJAC0010,66214,2018,1,5,27.3,1,Y
IDCJAC0010,66214,2018,1,6,30.2,1,Y
IDCJAC0010,66214,2018,1,7,42.5,1,Y
IDCJAC0010,66214,2018,1,8,32.4,1,Y
IDCJAC0010,66214,2018,1,9,30.4,1,Y
IDCJAC0010,66214,2018,1,10,24.8,1,Y
IDCJAC0010,66214,2018,1,11,24.9,1,Y
IDCJAC0010,66214,2018,1,12,29,1,Y
IDCJAC0010,66214,2018,1,13,33.8,1,Y
IDCJAC0010,66214,2018,1,14,24,1,Y
IDCJAC0010,66214,2018,1,15,25.8,1,Y
IDCJAC0010,66214,2018,1,16,23.5,1,Y
IDCJAC0010,66214,2018,1,17,25.6,1,Y
IDCJAC0010,66214,2018,1,18,27,1,Y
IDCJAC0010,66214,2018,1,19,28.5,1,Y
IDCJAC0010,66214,2018,1,20,29.8,1,Y
IDCJAC0010,66214,2018,1,21,28.8,1,Y
IDCJAC0010,66214,2018,1,22,30.4,1,Y
IDCJAC0010,66214,2018,1,23,27.8,1,Y
IDCJAC0010,66214,2018,1,24,29.4,1,Y
IDCJAC0010,66214,2018,1,25,27.5,1,Y
IDCJAC0010,66214,2018,1,26,28.7,1,Y
IDCJAC0010,66214,2018,1,27,29.7,1,Y
IDCJAC0010,66214,2018,1,28,29.4,1,Y
IDCJAC0010,66214,2018,1,29,31,1,Y
IDCJAC0010,66214,2018,1,30,30.6,1,Y
IDCJAC0010,66214,2018,1,31,21.9,1,Y
IDCJAC0010,66214,2018,2,1,24.7,1,Y
IDCJAC0010,66214,2018,2,2,23.7,1,Y
IDCJAC0010,66214,2018,2,3,25.2,1,Y
IDCJAC0010,66214,2018,2,4,26.3,1,Y
IDCJAC0010,66214,2018,2,5,27.4,1,Y
IDCJAC0010,66214,2018,2,6,28.1,1,Y
IDCJAC0010,66214,2018,2,7,28.4,1,Y
IDCJAC0010,66214,2018,2,8,29.7,1,Y
IDCJAC0010,66214,2018,2,9,31.1,1,Y
IDCJAC0010,66214,2018,2,10,30.1,1,Y
IDCJAC0010,66214,2018,2,11,29.1,1,Y
IDCJAC0010,66214,2018,2,12,28.9,1,Y
IDCJAC0010,66214,2018,2,13,30.5,1,Y
IDCJAC0010,66214,2018,2,14,33.9,1,Y
IDCJAC0010,66214,2018,2,15,28.8,1,Y
IDCJAC0010,66214,2018,2,16,30.1,1,Y
IDCJAC0010,66214,2018,2,17,29,1,Y
IDCJAC0010,66214,2018,2,18,30.2,1,Y
IDCJAC0010,66214,2018,2,19,29.5,1,Y
IDCJAC0010,66214,2018,2,20,23.4,1,Y
IDCJAC0010,66214,2018,2,21,27.8,1,Y
IDCJAC0010,66214,2018,2,22,28.7,1,Y
IDCJAC0010,66214,2018,2,23,28.6,1,Y
IDCJAC0010,66214,2018,2,24,34,1,Y
IDCJAC0010,66214,2018,2,25,21.8,1,Y
IDCJAC0010,66214,2018,2,26,23.6,1,Y
IDCJAC0010,66214,2018,2,27,25.2,1,Y
IDCJAC0010,66214,2018,2,28,27.6,1,Y
IDCJAC0010,66214,2018,3,1,26.4,1,Y
IDCJAC0010,66214,2018,3,2,26.3,1,Y
IDCJAC0010,66214,2018,3,3,28.7,1,Y
IDCJAC0010,66214,2018,3,4,25.1,1,Y
IDCJAC0010,66214,2018,3,5,25.4,1,Y
IDCJAC0010,66214,2018,3,6,25.2,1,Y
IDCJAC0010,66214,2018,3,7,25.2,1,Y
IDCJAC0010,66214,2018,3,8,26.5,1,Y
IDCJAC0010,66214,2018,3,9,27.5,1,Y
IDCJAC0010,66214,2018,3,10,29.2,1,Y
IDCJAC0010,66214,2018,3,11,29,1,Y
IDCJAC0010,66214,2018,3,12,29.1,1,Y
IDCJAC0010,66214,2018,3,13,20.5,1,Y
IDCJAC0010,66214,2018,3,14,27.3,1,Y
IDCJAC0010,66214,2018,3,15,29.7,1,Y
IDCJAC0010,66214,2018,3,16,27,1,Y
IDCJAC0010,66214,2018,3,17,32.6,1,Y
IDCJAC0010,66214,2018,3,18,38,1,Y
IDCJAC0010,66214,2018,3,19,29.1,1,Y
IDCJAC0010,66214,2018,3,20,27.5,1,Y
IDCJAC0010,66214,2018,3,21,21.9,1,Y
IDCJAC0010,66214,2018,3,22,23.6,1,Y
IDCJAC0010,66214,2018,3,23,26.3,1,Y
IDCJAC0010,66214,2018,3,24,27.6,1,Y
IDCJAC0010,66214,2018,3,25,31.9,1,Y
IDCJAC0010,66214,2018,3,26,26.2,1,Y
IDCJAC0010,66214,2018,3,27,26.5,1,Y
IDCJAC0010,66214,2018,3,28,27.3,1,Y
IDCJAC0010,66214,2018,3,29,28.6,1,Y
IDCJAC0010,66214,2018,3,30,29,1,Y
IDCJAC0010,66214,2018,3,31,25.5,1,Y
IDCJAC0010,66214,2018,4,1,27.8,1,Y
IDCJAC0010,66214,2018,4,2,31.3,1,Y
IDCJAC0010,66214,2018,4,3,26.2,1,Y
IDCJAC0010,66214,2018,4,4,26.6,1,Y
IDCJAC0010,66214,2018,4,5,28.6,1,Y
IDCJAC0010,66214,2018,4,6,28.3,1,Y
IDCJAC0010,66214,2018,4,7,27.8,1,Y
IDCJAC0010,66214,2018,4,8,27.5,1,Y
IDCJAC0010,66214,2018,4,9,35.6,1,Y
IDCJAC0010,66214,2018,4,10,26.2,1,Y
IDCJAC0010,66214,2018,4,11,28.2,1,Y
IDCJAC0010,66214,2018,4,12,34.2,1,Y
IDCJAC0010,66214,2018,4,13,33.1,1,Y
IDCJAC0010,66214,2018,4,14,30.7,1,Y
IDCJAC0010,66214,2018,4,15,24.3,1,Y
IDCJAC0010,66214,2018,4,16,29.8,1,Y
IDCJAC0010,66214,2018,4,17,22.5,1,Y
IDCJAC0010,66214,2018,4,18,24.4,1,Y
IDCJAC0010,66214,2018,4,19,25.4,1,Y
IDCJAC0010,66214,2018,4,20,25.4,1,Y
IDCJAC0010,66214,2018,4,21,24.5,1,Y
IDCJAC0010,66214,2018,4,22,26.6,1,Y
IDCJAC0010,66214,2018,4,23,26.6,1,Y
IDCJAC0010,66214,2018,4,24,25.5,1,Y
IDCJAC0010,66214,2018,4,25,24.8,1,Y
IDCJAC0010,66214,2018,4,26,23.9,1,Y
IDCJAC0010,66214,2018,4,27,21,1,Y
IDCJAC0010,66214,2018,4,28,19.9,1,Y
IDCJAC0010,66214,2018,4,29,22.3,1,Y
IDCJAC0010,66214,2018,4,30,20.5,1,Y
IDCJAC0010,66214,2018,5,1,25.4,1,Y
IDCJAC0010,66214,2018,5,2,23.6,1,Y
IDCJAC0010,66214,2018,5,3,26.1,1,Y
IDCJAC0010,66214,2018,5,4,27,1,Y
IDCJAC0010,66214,2018,5,5,23.5,1,Y
IDCJAC0010,66214,2018,5,6,23.7,1,Y
IDCJAC0010,66214,2018,5,7,25.9,1,Y
IDCJAC0010,66214,2018,5,8,26.7,1,Y
IDCJAC0010,66214,2018,5,9,25.8,1,Y
IDCJAC0010,66214,2018,5,10,26,1,Y
IDCJAC0010,66214,2018,5,11,16.6,1,Y
IDCJAC0010,66214,2018,5,12,17,1,Y
IDCJAC0010,66214,2018,5,13,18,1,Y
IDCJAC0010,66214,2018,5,14,19,1,Y
IDCJAC0010,66214,2018,5,15,21.9,1,Y
IDCJAC0010,66214,2018,5,16,19.2,1,Y
IDCJAC0010,66214,2018,5,17,20.8,1,Y
IDCJAC0010,66214,2018,5,18,20.9,1,Y
IDCJAC0010,66214,2018,5,19,21.5,1,Y
IDCJAC0010,66214,2018,5,20,21.9,1,Y
IDCJAC0010,66214,2018,5,21,,,
IDCJAC0010,66214,2018,5,22,24.7,1,Y
IDCJAC0010,66214,2018,5,23,23,1,Y
IDCJAC0010,66214,2018,5,24,21.7,1,Y
IDCJAC0010,66214,2018,5,25,19.4,1,Y
IDCJAC0010,66214,2018,5,26,21.1,1,Y
IDCJAC0010,66214,2018,5,27,21.3,1,Y
IDCJAC0010,66214,2018,5,28,21.4,1,Y
IDCJAC0010,66214,2018,5,29,25.8,1,Y
IDCJAC0010,66214,2018,5,30,18.9,1,Y
IDCJAC0010,66214,2018,5,31,18.3,1,Y
IDCJAC0010,66214,2018,6,1,16.1,1,Y
IDCJAC0010,66214,2018,6,2,15.8,1,Y
IDCJAC0010,66214,2018,6,3,18.4,1,Y
IDCJAC0010,66214,2018,6,4,18.6,1,Y
IDCJAC0010,66214,2018,6,5,15,1,Y
IDCJAC0010,66214,2018,6,6,16.8,1,Y
IDCJAC0010,66214,2018,6,7,20.4,1,Y
IDCJAC0010,66214,2018,6,8,17,1,Y
IDCJAC0010,66214,2018,6,9,16,1,Y
IDCJAC0010,66214,2018,6,10,16.8,1,Y
IDCJAC0010,66214,2018,6,11,18.4,1,Y
IDCJAC0010,66214,2018,6,12,19.2,1,Y
IDCJAC0010,66214,2018,6,13,19.3,1,Y
IDCJAC0010,66214,2018,6,14,20,1,Y
IDCJAC0010,66214,2018,6,15,20.5,1,
IDCJAC0010,66214,2018,6,16,17.9,1,Y
IDCJAC0010,66214,2018,6,17,15.8,1,Y
IDCJAC0010,66214,2018,6,18,16.3,1,Y
IDCJAC0010,66214,2018,6,19,14.4,1,Y
IDCJAC0010,66214,2018,6,20,18.1,1,Y
IDCJAC0010,66214,2018,6,21,16.2,1,Y
IDCJAC0010,66214,2018,6,22,19.4,1,Y
IDCJAC0010,66214,2018,6,23,19.4,1,Y
IDCJAC0010,66214,2018,6,24,17.3,1,Y
IDCJAC0010,66214,2018,6,25,18.3,1,Y
IDCJAC0010,66214,2018,6,26,18.5,1,Y
IDCJAC0010,66214,2018,6,27,17.6,1,Y
IDCJAC0010,66214,2018,6,28,20.7,1,Y
IDCJAC0010,66214,2018,6,29,15.2,1,Y
IDCJAC0010,66214,2018,6,30,19,1,Y
IDCJAC0010,66214,2018,7,1,18.5,1,Y
IDCJAC0010,66214,2018,7,2,17.4,1,Y
IDCJAC0010,66214,2018,7,3,19.5,1,Y
IDCJAC0010,66214,2018,7,4,19.7,1,Y
IDCJAC0010,66214,2018,7,5,24.6,1,Y
IDCJAC0010,66214,2018,7,6,24.5,1,Y
IDCJAC0010,66214,2018,7,7,17,1,Y
IDCJAC0010,66214,2018,7,8,18.4,1,Y
IDCJAC0010,66214,2018,7,9,17.1,1,Y
IDCJAC0010,66214,2018,7,10,18.6,1,Y
IDCJAC0010,66214,2018,7,11,16.8,1,Y
IDCJAC0010,66214,2018,7,12,19.3,1,Y
IDCJAC0010,66214,2018,7,13,18.3,1,Y
IDCJAC0010,66214,2018,7,14,17.7,1,Y
IDCJAC0010,66214,2018,7,15,17.5,1,Y
IDCJAC0010,66214,2018,7,16,17.4,1,Y
IDCJAC0010,66214,2018,7,17,22.2,1,Y
IDCJAC0010,66214,2018,7,18,21.5,1,Y
IDCJAC0010,66214,2018,7,19,20.1,1,Y
IDCJAC0010,66214,2018,7,20,20.3,1,Y
IDCJAC0010,66214,2018,7,21,18.3,1,Y
IDCJAC0010,66214,2018,7,22,17.9,1,Y
IDCJAC0010,66214,2018,7,23,20,1,Y
IDCJAC0010,66214,2018,7,24,23.8,1,Y
IDCJAC0010,66214,2018,7,25,22.7,1,Y
IDCJAC0010,66214,2018,7,26,20.6,1,Y
IDCJAC0010,66214,2018,7,27,20.9,1,Y
IDCJAC0010,66214,2018,7,28,20.7,1,Y
IDCJAC0010,66214,2018,7,29,24.3,1,Y
IDCJAC0010,66214,2018,7,30,19.8,1,Y
IDCJAC0010,66214,2018,7,31,21.2,1,Y
IDCJAC0010,66214,2018,8,1,21.1,1,Y
IDCJAC0010,66214,2018,8,2,18.8,1,Y
IDCJAC0010,66214,2018,8,3,22.9,1,Y
IDCJAC0010,66214,2018,8,4,20.5,1,Y
IDCJAC0010,66214,2018,8,5,20.5,1,Y
IDCJAC0010,66214,2018,8,6,18.6,1,Y
IDCJAC0010,66214,2018,8,7,17,1,Y
IDCJAC0010,66214,2018,8,8,19.1,1,Y
IDCJAC0010,66214,2018,8,9,20,1,Y
IDCJAC0010,66214,2018,8,10,22.5,1,Y
IDCJAC0010,66214,2018,8,11,25,1,Y
IDCJAC0010,66214,2018,8,12,17.4,1,Y
IDCJAC0010,66214,2018,8,13,20.4,1,Y
IDCJAC0010,66214,2018,8,14,21.6,1,Y
IDCJAC0010,66214,2018,8,15,24.8,1,Y
IDCJAC0010,66214,2018,8,16,22.2,1,Y
IDCJAC0010,66214,2018,8,17,19.4,1,Y
IDCJAC0010,66214,2018,8,18,22.2,1,Y
IDCJAC0010,66214,2018,8,19,16.7,1,Y
IDCJAC0010,66214,2018,8,20,15.5,1,Y
IDCJAC0010,66214,2018,8,21,17.8,1,Y
IDCJAC0010,66214,2018,8,22,18,1,Y
IDCJAC0010,66214,2018,8,23,19.5,1,Y
IDCJAC0010,66214,2018,8,24,17.2,1,Y
IDCJAC0010,66214,2018,8,25,19,1,Y
IDCJAC0010,66214,2018,8,26,16.6,1,Y
IDCJAC0010,66214,2018,8,27,14.5,1,Y
IDCJAC0010,66214,2018,8,28,15.6,1,Y
IDCJAC0010,66214,2018,8,29,17.6,1,Y
IDCJAC0010,66214,2018,8,30,18.1,1,Y
IDCJAC0010,66214,2018,8,31,17.1,1,Y
IDCJAC0010,66214,2018,9,1,21.8,1,Y
IDCJAC0010,66214,2018,9,2,16.3,1,Y
IDCJAC0010,66214,2018,9,3,15.5,1,Y
IDCJAC0010,66214,2018,9,4,19.2,1,Y
IDCJAC0010,66214,2018,9,5,18.7,1,Y
IDCJAC0010,66214,2018,9,6,20,1,Y
IDCJAC0010,66214,2018,9,7,24,1,Y
IDCJAC0010,66214,2018,9,8,15.2,1,Y
IDCJAC0010,66214,2018,9,9,23.1,1,Y
IDCJAC0010,66214,2018,9,10,21,1,Y
IDCJAC0010,66214,2018,9,11,22,1,Y
IDCJAC0010,66214,2018,9,12,26.4,1,Y
IDCJAC0010,66214,2018,9,13,20.8,1,Y
IDCJAC0010,66214,2018,9,14,22.3,1,Y
IDCJAC0010,66214,2018,9,15,31.5,1,Y
IDCJAC0010,66214,2018,9,16,17.4,1,Y
IDCJAC0010,66214,2018,9,17,19,1,Y
IDCJAC0010,66214,2018,9,18,23,1,Y
IDCJAC0010,66214,2018,9,19,28.5,1,Y
IDCJAC0010,66214,2018,9,20,17.9,1,Y
IDCJAC0010,66214,2018,9,21,20.9,1,Y
IDCJAC0010,66214,2018,9,22,20.5,1,Y
IDCJAC0010,66214,2018,9,23,21,1,Y
IDCJAC0010,66214,2018,9,24,17.7,1,Y
IDCJAC0010,66214,2018,9,25,20,1,Y
IDCJAC0010,66214,2018,9,26,16.9,1,Y
IDCJAC0010,66214,2018,9,27,20.4,1,Y
IDCJAC0010,66214,2018,9,28,28.4,1,Y
IDCJAC0010,66214,2018,9,29,20.7,1,Y
IDCJAC0010,66214,2018,9,30,19.8,1,Y
IDCJAC0010,66214,2018,10,1,22.1,1,Y
IDCJAC0010,66214,2018,10,2,22.4,1,Y
IDCJAC0010,66214,2018,10,3,23.9,1,Y
IDCJAC0010,66214,2018,10,4,16.4,1,Y
IDCJAC0010,66214,2018,10,5,15.8,1,Y
IDCJAC0010,66214,2018,10,6,19,1,Y
IDCJAC0010,66214,2018,10,7,17.4,1,Y
IDCJAC0010,66214,2018,10,8,20.9,1,Y
IDCJAC0010,66214,2018,10,9,23.4,1,Y
IDCJAC0010,66214,2018,10,10,17,1,Y
IDCJAC0010,66214,2018,10,11,18.8,1,Y
IDCJAC0010,66214,2018,10,12,18.6,1,Y
IDCJAC0010,66214,2018,10,13,21.9,1,Y
IDCJAC0010,66214,2018,10,14,22,1,Y
IDCJAC0010,66214,2018,10,15,22.5,1,Y
IDCJAC0010,66214,2018,10,16,23.4,1,Y
IDCJAC0010,66214,2018,10,17,24.7,1,Y
IDCJAC0010,66214,2018,10,18,25,1,Y
IDCJAC0010,66214,2018,10,19,25.6,1,Y
IDCJAC0010,66214,2018,10,20,25.6,1,Y
IDCJAC0010,66214,2018,10,21,21.1,1,Y
IDCJAC0010,66214,2018,10,22,23.3,1,Y
IDCJAC0010,66214,2018,10,23,24.2,1,Y
IDCJAC0010,66214,2018,10,24,20.4,1,Y
IDCJAC0010,66214,2018,10,25,23.9,1,Y
IDCJAC0010,66214,2018,10,26,22.6,1,Y
IDCJAC0010,66214,2018,10,27,24.1,1,Y
IDCJAC0010,66214,2018,10,28,20,1,Y
IDCJAC0010,66214,2018,10,29,21.7,1,Y
IDCJAC0010,66214,2018,10,30,25.4,1,Y
IDCJAC0010,66214,2018,10,31,26.8,1,Y
IDCJAC0010,66214,2018,11,1,29.5,1,Y
IDCJAC0010,66214,2018,11,2,36.6,1,Y
IDCJAC0010,66214,2018,11,3,34.3,1,Y
IDCJAC0010,66214,2018,11,4,25.1,1,Y
IDCJAC0010,66214,2018,11,5,25.5,1,Y
IDCJAC0010,66214,2018,11,6,29.7,1,Y
IDCJAC0010,66214,2018,11,7,23.8,1,Y
IDCJAC0010,66214,2018,11,8,20.2,1,Y
IDCJAC0010,66214,2018,11,9,22.4,1,Y
IDCJAC0010,66214,2018,11,10,24,1,Y
IDCJAC0010,66214,2018,11,11,23.8,1,Y
IDCJAC0010,66214,2018,11,12,24.8,1,Y
IDCJAC0010,66214,2018,11,13,25.7,1,Y
IDCJAC0010,66214,2018,11,14,22.8,1,Y
IDCJAC0010,66214,2018,11,15,23.8,1,Y
IDCJAC0010,66214,2018,11,16,21.8,1,Y
IDCJAC0010,66214,2018,11,17,23.2,1,Y
IDCJAC0010,66214,2018,11,18,23.5,1,Y
IDCJAC0010,66214,2018,11,19,24.2,1,Y
IDCJAC0010,66214,2018,11,20,25.8,1,Y
IDCJAC0010,66214,2018,11,21,26.9,1,Y
IDCJAC0010,66214,2018,11,22,24.4,1,Y
IDCJAC0010,66214,2018,11,23,23.3,1,Y
IDCJAC0010,66214,2018,11,24,23.8,1,Y
IDCJAC0010,66214,2018,11,25,24.9,1,Y
IDCJAC0010,66214,2018,11,26,24.4,1,Y
IDCJAC0010,66214,2018,11,27,23.5,1,Y
IDCJAC0010,66214,2018,11,28,19.4,1,Y
IDCJAC0010,66214,2018,11,29,22.7,1,Y
IDCJAC0010,66214,2018,11,30,25,1,Y
IDCJAC0010,66214,2018,12,1,26.4,1,Y
IDCJAC0010,66214,2018,12,2,33.4,1,Y
IDCJAC0010,66214,2018,12,3,30.1,1,Y
IDCJAC0010,66214,2018,12,4,23.9,1,Y
IDCJAC0010,66214,2018,12,5,22.8,1,Y
IDCJAC0010,66214,2018,12,6,25.9,1,Y
IDCJAC0010,66214,2018,12,7,25.9,1,Y
IDCJAC0010,66214,2018,12,8,27.2,1,Y
IDCJAC0010,66214,2018,12,9,26.5,1,Y
IDCJAC0010,66214,2018,12,10,26.6,1,Y
IDCJAC0010,66214,2018,12,11,23.5,1,Y
IDCJAC0010,66214,2018,12,12,24.9,1,Y
IDCJAC0010,66214,2018,12,13,28,1,Y
IDCJAC0010,66214,2018,12,14,27.5,1,Y
IDCJAC0010,66214,2018,12,15,28,1,Y
IDCJAC0010,66214,2018,12,16,29.5,1,Y
IDCJAC0010,66214,2018,12,17,30.2,1,Y
IDCJAC0010,66214,2018,12,18,27.8,1,Y
IDCJAC0010,66214,2018,12,19,25.6,1,Y
IDCJAC0010,66214,2018,12,20,27.8,1,Y
IDCJAC0010,66214,2018,12,21,24.1,1,Y
IDCJAC0010,66214,2018,12,22,22.3,1,Y
IDCJAC0010,66214,2018,12,23,24.6,1,Y
IDCJAC0010,66214,2018,12,24,25.2,1,Y
IDCJAC0010,66214,2018,12,25,27,1,Y
IDCJAC0010,66214,2018,12,26,27.4,1,Y
IDCJAC0010,66214,2018,12,27,28.3,1,Y
IDCJAC0010,66214,2018,12,28,31.3,1,Y
IDCJAC0010,66214,2018,12,29,30.5,1,Y
IDCJAC0010,66214,2018,12,30,29,1,Y
IDCJAC0010,66214,2018,12,31,29.9,1,Y
IDCJAC0010,66214,2019,1,1,31.4,1,Y
IDCJAC0010,66214,2019,1,2,29.7,1,Y
IDCJAC0010,66214,2019,1,3,28.5,1,Y
IDCJAC0010,66214,2019,1,4,31.4,1,Y
IDCJAC0010,66214,2019,1,5,37.4,1,Y
IDCJAC0010,66214,2019,1,6,22.1,1,Y
IDCJAC0010,66214,2019,1,7,23.7,1,Y
IDCJAC0010,66214,2019,1,8,29.3,1,Y
IDCJAC0010,66214,2019,1,9,30,1,Y
IDCJAC0010,66214,2019,1,10,22.4,1,Y
IDCJAC0010,66214,2019,1,11,27.7,1,Y
IDCJAC0010,66214,2019,1,12,29.6,1,Y
IDCJAC0010,66214,2019,1,13,27.7,1,Y
IDCJAC0010,66214,2019,1,14,29,1,Y
IDCJAC0010,66214,2019,1,15,29.7,1,Y
IDCJAC0010,66214,2019,1,16,30.7,1,Y
IDCJAC0010,66214,2019,1,17,29.5,1,Y
IDCJAC0010,66214,2019,1,18,31.7,1,Y
IDCJAC0010,66214,2019,1,19,26.2,1,Y
IDCJAC0010,66214,2019,1,20,26.8,1,Y
IDCJAC0010,66214,2019,1,21,26.7,1,Y
IDCJAC0010,66214,2019,1,22,29.6,1,Y
IDCJAC0010,66214,2019,1,23,29.4,1,Y
IDCJAC0010,66214,2019,1,24,27.8,1,Y
IDCJAC0010,66214,2019,1,25,30.7,1,Y
IDCJAC0010,66214,2019,1,26,34.6,1,Y
IDCJAC0010,66214,2019,1,27,34.1,1,Y
IDCJAC0010,66214,2019,1,28,30.3,1,Y
IDCJAC0010,66214,2019,1,29,30.4,1,Y
IDCJAC0010,66214,2019,1,30,28.6,1,Y
IDCJAC0010,66214,2019,1,31,39.7,1,Y
IDCJAC0010,66214,2019,2,1,22.2,1,Y
IDCJAC0010,66214,2019,2,2,26.5,1,Y
IDCJAC0010,66214,2019,2,3,29.6,1,Y
IDCJAC0010,66214,2019,2,4,28.5,1,Y
IDCJAC0010,66214,2019,2,5,29.4,1,Y
IDCJAC0010,66214,2019,2,6,29.6,1,Y
IDCJAC0010,66214,2019,2,7,29.6,1,Y
IDCJAC0010,66214,2019,2,8,31.1,1,Y
IDCJAC0010,66214,2019,2,9,31.1,1,Y
IDCJAC0010,66214,2019,2,10,25.8,1,Y
IDCJAC0010,66214,2019,2,11,28,1,Y
IDCJAC0010,66214,2019,2,12,35.7,1,Y
IDCJAC0010,66214,2019,2,13,26.7,1,Y
IDCJAC0010,66214,2019,2,14,27.4,1,Y
IDCJAC0010,66214,2019,2,15,27.8,1,Y
IDCJAC0010,66214,2019,2,16,29.5,1,Y
IDCJAC0010,66214,2019,2,17,29.2,1,Y
IDCJAC0010,66214,2019,2,18,30.3,1,Y
IDCJAC0010,66214,2019,2,19,29.9,1,Y
IDCJAC0010,66214,2019,2,20,22,1,Y
IDCJAC0010,66214,2019,2,21,22.7,1,Y
IDCJAC0010,66214,2019,2,22,22.8,1,Y
IDCJAC0010,66214,2019,2,23,21.2,1,Y
IDCJAC0010,66214,2019,2,24,26.1,1,Y
IDCJAC0010,66214,2019,2,25,27,1,Y
IDCJAC0010,66214,2019,2,26,28.4,1,Y
IDCJAC0010,66214,2019,2,27,27.2,1,Y
IDCJAC0010,66214,2019,2,28,29.1,1,Y
IDCJAC0010,66214,2019,3,1,28.9,1,Y
IDCJAC0010,66214,2019,3,2,28.8,1,Y
IDCJAC0010,66214,2019,3,3,28.4,1,Y
IDCJAC0010,66214,2019,3,4,29.4,1,Y
IDCJAC0010,66214,2019,3,5,29.2,1,Y
IDCJAC0010,66214,2019,3,6,35.5,1,Y
IDCJAC0010,66214,2019,3,7,21.7,1,Y
IDCJAC0010,66214,2019,3,8,28.2,1,Y
IDCJAC0010,66214,2019,3,9,24.1,1,Y
IDCJAC0010,66214,2019,3,10,30.1,1,Y
IDCJAC0010,66214,2019,3,11,28.2,1,Y
IDCJAC0010,66214,2019,3,12,35.1,1,Y
IDCJAC0010,66214,2019,3,13,23.4,1,Y
IDCJAC0010,66214,2019,3,14,27.8,1,Y
IDCJAC0010,66214,2019,3,15,24.2,1,Y
IDCJAC0010,66214,2019,3,16,24.6,1,Y
IDCJAC0010,66214,2019,3,17,20.7,1,Y
IDCJAC0010,66214,2019,3,18,22,1,Y
IDCJAC0010,66214,2019,3,19,26.6,1,Y
IDCJAC0010,66214,2019,3,20,27.3,1,Y
IDCJAC0010,66214,2019,3,21,26.2,1,Y
IDCJAC0010,66214,2019,3,22,27,1,Y
IDCJAC0010,66214,2019,3,23,27.9,1,Y
IDCJAC0010,66214,2019,3,24,32.2,1,Y
IDCJAC0010,66214,2019,3,25,25.6,1,Y
IDCJAC0010,66214,2019,3,26,26.3,1,Y
IDCJAC0010,66214,2019,3,27,23.6,1,Y
IDCJAC0010,66214,2019,3,28,26.7,1,Y
IDCJAC0010,66214,2019,3,29,27.3,1,Y
IDCJAC0010,66214,2019,3,30,25.5,1,Y
IDCJAC0010,66214,2019,3,31,22.6,1,Y
IDCJAC0010,66214,2019,4,1,20.7,1,Y
IDCJAC0010,66214,2019,4,2,23.5,1,Y
IDCJAC0010,66214,2019,4,3,25.4,1,Y
IDCJAC0010,66214,2019,4,4,23.5,1,Y
IDCJAC0010,66214,2019,4,5,23.8,1,Y
IDCJAC0010,66214,2019,4,6,27.6,1,Y
IDCJAC0010,66214,2019,4,7,25.3,1,Y
IDCJAC0010,66214,2019,4,8,32.5,1,Y
IDCJAC0010,66214,2019,4,9,28.1,1,Y
IDCJAC0010,66214,2019,4,10,20.9,1,Y
IDCJAC0010,66214,2019,4,11,20.4,1,Y
IDCJAC0010,66214,2019,4,12,24.3,1,Y
IDCJAC0010,66214,2019,4,13,26.8,1,Y
IDCJAC0010,66214,2019,4,14,23.7,1,Y
IDCJAC0010,66214,2019,4,15,23.5,1,Y
IDCJAC0010,66214,2019,4,16,25.2,1,Y
IDCJAC0010,66214,2019,4,17,25.5,1,Y
IDCJAC0010,66214,2019,4,18,26.5,1,Y
IDCJAC0010,66214,2019,4,19,26.9,1,Y
IDCJAC0010,66214,2019,4,20,25.9,1,Y
IDCJAC0010,66214,2019,4,21,26.4,1,Y
IDCJAC0010,66214,2019,4,22,26.8,1,Y
IDCJAC0010,66214,2019,4,23,25.6,1,Y
IDCJAC0010,66214,2019,4,24,26.3,1,Y
IDCJAC0010,66214,2019,4,25,26.8,1,Y
IDCJAC0010,66214,2019,4,26,29.5,1,Y
IDCJAC0010,66214,2019,4,27,21,1,Y
IDCJAC0010,66214,2019,4,28,24,1,Y
IDCJAC0010,66214,2019,4,29,22.4,1,Y
IDCJAC0010,66214,2019,4,30,25.6,1,Y
IDCJAC0010,66214,2019,5,1,22.5,1,Y
IDCJAC0010,66214,2019,5,2,24.7,1,Y
IDCJAC0010,66214,2019,5,3,24.1,1,Y
IDCJAC0010,66214,2019,5,4,22.4,1,Y
IDCJAC0010,66214,2019,5,5,19.4,1,Y
IDCJAC0010,66214,2019,5,6,20.9,1,Y
IDCJAC0010,66214,2019,5,7,23.4,1,Y
IDCJAC0010,66214,2019,5,8,21.2,1,Y
IDCJAC0010,66214,2019,5,9,21.6,1,Y
IDCJAC0010,66214,2019,5,10,20.2,1,Y
IDCJAC0010,66214,2019,5,11,21.1,1,Y
IDCJAC0010,66214,2019,5,12,22.5,1,Y
IDCJAC0010,66214,2019,5,13,24,1,Y
IDCJAC0010,66214,2019,5,14,24,1,Y
IDCJAC0010,66214,2019,5,15,24.5,1,Y
IDCJAC0010,66214,2019,5,16,23.5,1,Y
IDCJAC0010,66214,2019,5,17,23.8,1,Y
IDCJAC0010,66214,2019,5,18,23.7,1,Y
IDCJAC0010,66214,2019,5,19,24.3,1,Y
IDCJAC0010,66214,2019,5,20,23.2,1,Y
IDCJAC0010,66214,2019,5,21,27.1,1,Y
IDCJAC0010,66214,2019,5,22,25.2,1,Y
IDCJAC0010,66214,2019,5,23,25.2,1,Y
IDCJAC0010,66214,2019,5,24,24.5,1,Y
IDCJAC0010,66214,2019,5,25,26.7,1,Y
IDCJAC0010,66214,2019,5,26,23.6,1,Y
IDCJAC0010,66214,2019,5,27,20.1,1,Y
IDCJAC0010,66214,2019,5,28,19.1,1,Y
IDCJAC0010,66214,2019,5,29,19.2,1,Y
IDCJAC0010,66214,2019,5,30,17.1,1,Y
IDCJAC0010,66214,2019,5,31,20.9,1,Y
IDCJAC0010,66214,2019,6,1,19.8,1,Y
IDCJAC0010,66214,2019,6,2,21.4,1,Y
IDCJAC0010,66214,2019,6,3,19.6,1,Y
IDCJAC0010,66214,2019,6,4,13.8,1,Y
IDCJAC0010,66214,2019,6,5,15,1,Y
IDCJAC0010,66214,2019,6,6,19.2,1,Y
IDCJAC0010,66214,2019,6,7,14.6,1,Y
IDCJAC0010,66214,2019,6,8,14.6,1,Y
IDCJAC0010,66214,2019,6,9,22.1,1,Y
IDCJAC0010,66214,2019,6,10,21.7,1,Y
IDCJAC0010,66214,2019,6,11,22.7,1,Y
IDCJAC0010,66214,2019,6,12,22.5,1,Y
IDCJAC0010,66214,2019,6,13,23.7,1,Y
IDCJAC0010,66214,2019,6,14,19.5,1,Y
IDCJAC0010,66214,2019,6,15,20.4,1,Y
IDCJAC0010,66214,2019,6,16,15.4,1,Y
IDCJAC0010,66214,2019,6,17,15.6,1,Y
IDCJAC0010,66214,2019,6,18,19.4,1,Y
IDCJAC0010,66214,2019,6,19,17.1,1,Y
IDCJAC0010,66214,2019,6,20,17,1,Y
IDCJAC0010,66214,2019,6,21,15.7,1,Y
IDCJAC0010,66214,2019,6,22,15.6,1,Y
IDCJAC0010,66214,2019,6,23,16.1,1,Y
IDCJAC0010,66214,2019,6,24,17.6,1,Y
IDCJAC0010,66214,2019,6,25,17.5,1,Y
IDCJAC0010,66214,2019,6,26,18.8,1,Y
IDCJAC0010,66214,2019,6,27,20.7,1,Y
IDCJAC0010,66214,2019,6,28,21.1,1,Y
IDCJAC0010,66214,2019,6,29,21.2,1,Y
IDCJAC0010,66214,2019,6,30,18.2,1,Y
IDCJAC0010,66214,2019,7,1,18.8,1,Y
IDCJAC0010,66214,2019,7,2,20.5,1,Y
IDCJAC0010,66214,2019,7,3,19.7,1,Y
IDCJAC0010,66214,2019,7,4,18.9,1,Y
IDCJAC0010,66214,2019,7,5,18.6,1,Y
IDCJAC0010,66214,2019,7,6,19.5,1,Y
IDCJAC0010,66214,2019,7,7,19.7,1,Y
IDCJAC0010,66214,2019,7,8,20.7,1,Y
IDCJAC0010,66214,2019,7,9,18.6,1,Y
IDCJAC0010,66214,2019,7,10,17.8,1,Y
IDCJAC0010,66214,2019,7,11,20,1,Y
IDCJAC0010,66214,2019,7,12,20.2,1,Y
IDCJAC0010,66214,2019,7,13,15.8,1,Y
IDCJAC0010,66214,2019,7,14,17.4,1,Y
IDCJAC0010,66214,2019,7,15,18.4,1,Y
IDCJAC0010,66214,2019,7,16,21.3,1,Y
IDCJAC0010,66214,2019,7,17,19.7,1,Y
IDCJAC0010,66214,2019,7,18,20.7,1,Y
IDCJAC0010,66214,2019,7,19,21.4,1,Y
IDCJAC0010,66214,2019,7,20,21.3,1,Y
IDCJAC0010,66214,2019,7,21,23.7,1,Y
IDCJAC0010,66214,2019,7,22,23.4,1,Y
IDCJAC0010,66214,2019,7,23,23.2,1,Y
IDCJAC0010,66214,2019,7,24,20.5,1,Y
IDCJAC0010,66214,2019,7,25,20.5,1,Y
IDCJAC0010,66214,2019,7,26,19.1,1,Y
IDCJAC0010,66214,2019,7,27,20,1,Y
IDCJAC0010,66214,2019,7,28,20,1,Y
IDCJAC0010,66214,2019,7,29,21.3,1,Y
IDCJAC0010,66214,2019,7,30,15.3,1,Y
IDCJAC0010,66214,2019,7,31,17.3,1,Y
IDCJAC0010,66214,2019,8,1,20.6,1,Y
IDCJAC0010,66214,2019,8,2,19.4,1,Y
IDCJAC0010,66214,2019,8,3,21.9,1,Y
IDCJAC0010,66214,2019,8,4,19.2,1,Y
IDCJAC0010,66214,2019,8,5,21.1,1,Y
IDCJAC0010,66214,2019,8,6,19.7,1,Y
IDCJAC0010,66214,2019,8,7,23.5,1,Y
IDCJAC0010,66214,2019,8,8,20.3,1,Y
IDCJAC0010,66214,2019,8,9,16.9,1,Y
IDCJAC0010,66214,2019,8,10,15,1,Y
IDCJAC0010,66214,2019,8,11,16.2,1,Y
IDCJAC0010,66214,2019,8,12,18.3,1,Y
IDCJAC0010,66214,2019,8,13,18.9,1,Y
IDCJAC0010,66214,2019,8,14,19.4,1,Y
IDCJAC0010,66214,2019,8,15,21.2,1,Y
IDCJAC0010,66214,2019,8,16,24.5,1,Y
IDCJAC0010,66214,2019,8,17,19.6,1,Y
IDCJAC0010,66214,2019,8,18,21.5,1,Y
IDCJAC0010,66214,2019,8,19,16.7,1,Y
IDCJAC0010,66214,2019,8,20,21.1,1,Y
IDCJAC0010,66214,2019,8,21,21.9,1,Y
IDCJAC0010,66214,2019,8,22,18.7,1,Y
IDCJAC0010,66214,2019,8,23,20,1,Y
IDCJAC0010,66214,2019,8,24,25.2,1,Y
IDCJAC0010,66214,2019,8,25,23.2,1,Y
IDCJAC0010,66214,2019,8,26,15.8,1,Y
IDCJAC0010,66214,2019,8,27,17.7,1,Y
IDCJAC0010,66214,2019,8,28,22,1,Y
IDCJAC0010,66214,2019,8,29,14.1,1,Y
IDCJAC0010,66214,2019,8,30,14.7,1,Y
IDCJAC0010,66214,2019,8,31,17.3,1,Y
IDCJAC0010,66214,2019,9,1,23.4,1,Y
IDCJAC0010,66214,2019,9,2,20.7,1,Y
IDCJAC0010,66214,2019,9,3,23.7,1,Y
IDCJAC0010,66214,2019,9,4,27.3,1,Y
IDCJAC0010,66214,2019,9,5,22.2,1,Y
IDCJAC0010,66214,2019,9,6,28.5,1,Y
IDCJAC0010,66214,2019,9,7,19.1,1,Y
IDCJAC0010,66214,2019,9,8,19.5,1,Y
IDCJAC0010,66214,2019,9,9,17.4,1,Y
IDCJAC0010,66214,2019,9,10,17,1,Y
IDCJAC0010,66214,2019,9,11,20.1,1,Y
IDCJAC0010,66214,2019,9,12,26.7,1,Y
IDCJAC0010,66214,2019,9,13,21.5,1,Y
IDCJAC0010,66214,2019,9,14,20.3,1,Y
IDCJAC0010,66214,2019,9,15,27.9,1,Y
IDCJAC0010,66214,2019,9,16,26.7,1,Y
IDCJAC0010,66214,2019,9,17,14.6,1,Y
IDCJAC0010,66214,2019,9,18,18.1,1,Y
IDCJAC0010,66214,2019,9,19,21.2,1,Y
IDCJAC0010,66214,2019,9,20,22.4,1,Y
IDCJAC0010,66214,2019,9,21,24.4,1,Y
IDCJAC0010,66214,2019,9,22,23.1,1,Y
IDCJAC0010,66214,2019,9,23,21.6,1,Y
IDCJAC0010,66214,2019,9,24,21.3,1,Y
IDCJAC0010,66214,2019,9,25,21.9,1,Y
IDCJAC0010,66214,2019,9,26,22.1,1,Y
IDCJAC0010,66214,2019,9,27,25.5,1,Y
IDCJAC0010,66214,2019,9,28,20.8,1,Y
IDCJAC0010,66214,2019,9,29,21.1,1,Y
IDCJAC0010,66214,2019,9,30,19.4,1,Y
IDCJAC0010,66214,2019,10,1,21.1,1,Y
IDCJAC0010,66214,2019,10,2,22.7,1,Y
IDCJAC0010,66214,2019,10,3,29.3,1,Y
IDCJAC0010,66214,2019,10,4,33.2,1,Y
IDCJAC0010,66214,2019,10,5,19.5,1,Y
IDCJAC0010,66214,2019,10,6,23.6,1,Y
IDCJAC0010,66214,2019,10,7,23.4,1,Y
IDCJAC0010,66214,2019,10,8,23.7,1,Y
IDCJAC0010,66214,2019,10,9,19.3,1,Y
IDCJAC0010,66214,2019,10,10,20.4,1,Y
IDCJAC0010,66214,2019,10,11,19.3,1,Y
IDCJAC0010,66214,2019,10,12,19.8,1,Y
IDCJAC0010,66214,2019,10,13,20.5,1,Y
IDCJAC0010,66214,2019,10,14,22.2,1,Y
IDCJAC0010,66214,2019,10,15,25.1,1,Y
IDCJAC0010,66214,2019,10,16,24.1,1,Y
IDCJAC0010,66214,2019,10,17,28,1,Y
IDCJAC0010,66214,2019,10,18,23.7,1,Y
IDCJAC0010,66214,2019,10,19,28.4,1,Y
IDCJAC0010,66214,2019,10,20,22.5,1,Y
IDCJAC0010,66214,2019,10,21,24,1,Y
IDCJAC0010,66214,2019,10,22,24.2,1,Y
IDCJAC0010,66214,2019,10,23,25.6,1,Y
IDCJAC0010,66214,2019,10,24,27.4,1,Y
IDCJAC0010,66214,2019,10,25,36.7,1,Y
IDCJAC0010,66214,2019,10,26,31.1,1,Y
IDCJAC0010,66214,2019,10,27,24.2,1,Y
IDCJAC0010,66214,2019,10,28,22.5,1,Y
IDCJAC0010,66214,2019,10,29,26,1,Y
IDCJAC0010,66214,2019,10,30,26.3,1,Y
IDCJAC0010,66214,2019,10,31,26.5,1,Y
IDCJAC0010,66214,2019,11,1,26.9,1,Y
IDCJAC0010,66214,2019,11,2,27.9,1,Y
IDCJAC0010,66214,2019,11,3,28.5,1,Y
IDCJAC0010,66214,2019,11,4,25.2,1,Y
IDCJAC0010,66214,2019,11,5,20,1,Y
IDCJAC0010,66214,2019,11,6,27.9,1,Y
IDCJAC0010,66214,2019,11,7,31.1,1,Y
IDCJAC0010,66214,2019,11,8,30.5,1,Y
IDCJAC0010,66214,2019,11,9,21,1,Y
IDCJAC0010,66214,2019,11,10,25.6,1,Y
IDCJAC0010,66214,2019,11,11,26.6,1,Y
IDCJAC0010,66214,2019,11,12,36.2,1,Y
IDCJAC0010,66214,2019,11,13,24.1,1,Y
IDCJAC0010,66214,2019,11,14,25.5,1,Y
IDCJAC0010,66214,2019,11,15,31.5,1,Y
IDCJAC0010,66214,2019,11,16,24.4,1,Y
IDCJAC0010,66214,2019,11,17,23.1,1,Y
IDCJAC0010,66214,2019,11,18,25.8,1,Y
IDCJAC0010,66214,2019,11,19,32.3,1,Y
IDCJAC0010,66214,2019,11,20,26.4,1,Y
IDCJAC0010,66214,2019,11,21,28.5,1,Y
IDCJAC0010,66214,2019,11,22,25.2,1,Y
IDCJAC0010,66214,2019,11,23,22,1,Y
IDCJAC0010,66214,2019,11,24,25.2,1,Y
IDCJAC0010,66214,2019,11,25,28.7,1,Y
IDCJAC0010,66214,2019,11,26,34.4,1,Y
IDCJAC0010,66214,2019,11,27,23.9,1,Y
IDCJAC0010,66214,2019,11,28,,,
IDCJAC0010,66214,2019,11,29,29.9,1,Y
IDCJAC0010,66214,2019,11,30,24.2,1,Y
IDCJAC0010,66214,2019,12,1,24.3,1,Y
IDCJAC0010,66214,2019,12,2,22.9,1,Y
IDCJAC0010,66214,2019,12,3,28.7,1,Y
IDCJAC0010,66214,2019,12,4,30.9,1,Y
IDCJAC0010,66214,2019,12,5,34.6,1,Y
IDCJAC0010,66214,2019,12,6,24.2,1,Y
IDCJAC0010,66214,2019,12,7,26.1,1,Y
IDCJAC0010,66214,2019,12,8,26.9,1,Y
IDCJAC0010,66214,2019,12,9,26.4,1,Y
IDCJAC0010,66214,2019,12,10,30.1,1,Y
IDCJAC0010,66214,2019,12,11,24.3,1,Y
IDCJAC0010,66214,2019,12,12,23.6,1,Y
IDCJAC0010,66214,2019,12,13,24.8,1,Y
IDCJAC0010,66214,2019,12,14,28.1,1,Y
IDCJAC0010,66214,2019,12,15,28.8,1,Y
IDCJAC0010,66214,2019,12,16,24,1,Y
IDCJAC0010,66214,2019,12,17,26.5,1,Y
IDCJAC0010,66214,2019,12,18,27.5,1,Y
IDCJAC0010,66214,2019,12,19,39.8,1,Y
IDCJAC0010,66214,2019,12,20,28.9,1,Y
IDCJAC0010,66214,2019,12,21,29.9,1,Y
IDCJAC0010,66214,2019,12,22,23.4,1,Y
IDCJAC0010,66214,2019,12,23,26.1,1,Y
IDCJAC0010,66214,2019,12,24,29.1,1,Y
IDCJAC0010,66214,2019,12,25,29.3,1,Y
IDCJAC0010,66214,2019,12,26,29.4,1,Y
IDCJAC0010,66214,2019,12,27,29.1,1,Y
IDCJAC0010,66214,2019,12,28,30.8,1,Y
IDCJAC0010,66214,2019,12,29,26.8,1,Y
IDCJAC0010,66214,2019,12,30,28.3,1,Y
IDCJAC0010,66214,2019,12,31,36.6,1,Y
IDCJAC0010,66214,2020,1,1,27.3,1,Y
IDCJAC0010,66214,2020,1,2,29,1,Y
IDCJAC0010,66214,2020,1,3,29.4,1,Y
IDCJAC0010,66214,2020,1,4,36.4,1,Y
IDCJAC0010,66214,2020,1,5,26.6,1,Y
IDCJAC0010,66214,2020,1,6,27.9,1,Y
IDCJAC0010,66214,2020,1,7,28.8,1,Y
IDCJAC0010,66214,2020,1,8,27.7,1,Y
IDCJAC0010,66214,2020,1,9,26.5,1,Y
IDCJAC0010,66214,2020,1,10,31.3,1,Y
IDCJAC0010,66214,2020,1,11,23.1,1,Y
IDCJAC0010,66214,2020,1,12,22.1,1,Y
IDCJAC0010,66214,2020,1,13,29.1,1,Y
IDCJAC0010,66214,2020,1,14,28.9,1,Y
IDCJAC0010,66214,2020,1,15,28.3,1,Y
IDCJAC0010,66214,2020,1,16,28.1,1,Y
IDCJAC0010,66214,2020,1,17,22.2,1,Y
IDCJAC0010,66214,2020,1,18,22.8,1,Y
IDCJAC0010,66214,2020,1,19,26.6,1,Y
IDCJAC0010,66214,2020,1,20,29.1,1,Y
IDCJAC0010,66214,2020,1,21,31.9,1,Y
IDCJAC0010,66214,2020,1,22,30.7,1,Y
IDCJAC0010,66214,2020,1,23,41.2,1,Y
IDCJAC0010,66214,2020,1,24,28.5,1,Y
IDCJAC0010,66214,2020,1,25,29.1,1,Y
IDCJAC0010,66214,2020,1,26,32.5,1,Y
IDCJAC0010,66214,2020,1,27,30.2,1,Y
IDCJAC0010,66214,2020,1,28,31.3,1,Y
IDCJAC0010,66214,2020,1,29,29,1,Y
IDCJAC0010,66214,2020,1,30,30.1,1,Y
IDCJAC0010,66214,2020,1,31,32.4,1,Y
IDCJAC0010,66214,2020,2,1,36.4,1,Y
IDCJAC0010,66214,2020,2,2,31.1,1,Y
IDCJAC0010,66214,2020,2,3,31.7,1,Y
IDCJAC0010,66214,2020,2,4,23.7,1,Y
IDCJAC0010,66214,2020,2,5,27.4,1,Y
IDCJAC0010,66214,2020,2,6,24.4,1,Y
IDCJAC0010,66214,2020,2,7,22.6,1,Y
IDCJAC0010,66214,2020,2,8,23.8,1,Y
IDCJAC0010,66214,2020,2,9,21.9,1,Y
IDCJAC0010,66214,2020,2,10,27.8,1,Y
IDCJAC0010,66214,2020,2,11,30.8,1,Y
IDCJAC0010,66214,2020,2,12,26.4,1,Y
IDCJAC0010,66214,2020,2,13,26.3,1,Y
IDCJAC0010,66214,2020,2,14,27.8,1,Y
IDCJAC0010,66214,2020,2,15,28.5,1,Y
IDCJAC0010,66214,2020,2,16,27.7,1,Y
IDCJAC0010,66214,2020,2,17,26.1,1,Y
IDCJAC0010,66214,2020,2,18,30,1,Y
IDCJAC0010,66214,2020,2,19,29.1,1,Y
IDCJAC0010,66214,2020,2,20,25.5,1,Y
IDCJAC0010,66214,2020,2,21,26.6,1,Y
IDCJAC0010,66214,2020,2,22,24.3,1,Y
IDCJAC0010,66214,2020,2,23,25.9,1,Y
IDCJAC0010,66214,2020,2,24,28.4,1,Y
IDCJAC0010,66214,2020,2,25,29.7,1,Y
IDCJAC0010,66214,2020,2,26,32.2,1,Y
IDCJAC0010,66214,2020,2,27,27.2,1,Y
IDCJAC0010,66214,2020,2,28,25.7,1,Y
IDCJAC0010,66214,2020,2,29,27.9,1,Y
IDCJAC0010,66214,2020,3,1,29.7,1,Y
IDCJAC0010,66214,2020,3,2,38,1,Y
IDCJAC0010,66214,2020,3,3,21.9,1,Y
IDCJAC0010,66214,2020,3,4,25.6,1,Y
IDCJAC0010,66214,2020,3,5,22.8,1,Y
IDCJAC0010,66214,2020,3,6,27.6,1,Y
IDCJAC0010,66214,2020,3,7,24.9,1,Y
IDCJAC0010,66214,2020,3,8,23.2,1,Y
IDCJAC0010,66214,2020,3,9,22.2,1,Y
IDCJAC0010,66214,2020,3,10,23.6,1,Y
IDCJAC0010,66214,2020,3,11,26,1,Y
IDCJAC0010,66214,2020,3,12,26.6,1,Y
IDCJAC0010,66214,2020,3,13,26.5,1,Y
IDCJAC0010,66214,2020,3,14,17.9,1,Y
IDCJAC0010,66214,2020,3,15,20.3,1,Y
IDCJAC0010,66214,2020,3,16,22.5,1,Y
IDCJAC0010,66214,2020,3,17,23.9,1,Y
IDCJAC0010,66214,2020,3,18,25.8,1,Y
IDCJAC0010,66214,2020,3,19,32,1,Y
IDCJAC0010,66214,2020,3,20,34.7,1,Y
IDCJAC0010,66214,2020,3,21,27.6,1,Y
IDCJAC0010,66214,2020,3,22,29.6,1,Y
IDCJAC0010,66214,2020,3,23,23,1,Y
IDCJAC0010,66214,2020,3,24,22.4,1,Y
IDCJAC0010,66214,2020,3,25,25.6,1,Y
IDCJAC0010,66214,2020,3,26,22.4,1,Y
IDCJAC0010,66214,2020,3,27,23.9,1,Y
IDCJAC0010,66214,2020,3,28,26.2,1,Y
IDCJAC0010,66214,2020,3,29,26,1,Y
IDCJAC0010,66214,2020,3,30,24.8,1,Y
IDCJAC0010,66214,2020,3,31,27,1,Y
IDCJAC0010,66214,2020,4,1,24.8,1,Y
IDCJAC0010,66214,2020,4,2,25.4,1,Y
IDCJAC0010,66214,2020,4,3,25.8,1,Y
IDCJAC0010,66214,2020,4,4,25.6,1,Y
IDCJAC0010,66214,2020,4,5,24.9,1,Y
IDCJAC0010,66214,2020,4,6,24.9,1,Y
IDCJAC0010,66214,2020,4,7,21.7,1,Y
IDCJAC0010,66214,2020,4,8,20.4,1,Y
IDCJAC0010,66214,2020,4,9,22.2,1,Y
IDCJAC0010,66214,2020,4,10,23.3,1,Y
IDCJAC0010,66214,2020,4,11,26.5,1,Y
IDCJAC0010,66214,2020,4,12,22.6,1,Y
IDCJAC0010,66214,2020,4,13,22.6,1,Y
IDCJAC0010,66214,2020,4,14,24.5,1,Y
IDCJAC0010,66214,2020,4,15,25.4,1,Y
IDCJAC0010,66214,2020,4,16,25.7,1,Y
IDCJAC0010,66214,2020,4,17,27.9,1,Y
IDCJAC0010,66214,2020,4,18,24.9,1,Y
IDCJAC0010,66214,2020,4,19,23.9,1,Y
IDCJAC0010,66214,2020,4,20,19.4,1,Y
IDCJAC0010,66214,2020,4,21,25.4,1,Y
IDCJAC0010,66214,2020,4,22,26.3,1,Y
IDCJAC0010,66214,2020,4,23,26.2,1,Y
IDCJAC0010,66214,2020,4,24,28.4,1,Y
IDCJAC0010,66214,2020,4,25,25.8,1,Y
IDCJAC0010,66214,2020,4,26,27.8,1,Y
IDCJAC0010,66214,2020,4,27,21.6,1,Y
IDCJAC0010,66214,2020,4,28,24.4,1,Y
IDCJAC0010,66214,2020,4,29,25.1,1,Y
IDCJAC0010,66214,2020,4,30,21.1,1,Y
IDCJAC0010,66214,2020,5,1,16.7,1,Y
IDCJAC0010,66214,2020,5,2,18.3,1,Y
IDCJAC0010,66214,2020,5,3,19.6,1,Y
IDCJAC0010,66214,2020,5,4,19.4,1,Y
IDCJAC0010,66214,2020,5,5,20.9,1,Y
IDCJAC0010,66214,2020,5,6,24.1,1,Y
IDCJAC0010,66214,2020,5,7,24.8,1,Y
IDCJAC0010,66214,2020,5,8,28,1,Y
IDCJAC0010,66214,2020,5,9,25.8,1,Y
IDCJAC0010,66214,2020,5,10,19.3,1,Y
IDCJAC0010,66214,2020,5,11,19.4,1,Y
IDCJAC0010,66214,2020,5,12,21.9,1,Y
IDCJAC0010,66214,2020,5,13,19.6,1,Y
IDCJAC0010,66214,2020,5,14,18.6,1,Y
IDCJAC0010,66214,2020,5,15,15.6,1,Y
IDCJAC0010,66214,2020,5,16,19.6,1,Y
IDCJAC0010,66214,2020,5,17,22.4,1,Y
IDCJAC0010,66214,2020,5,18,21,1,Y
IDCJAC0010,66214,2020,5,19,21.4,1,Y
IDCJAC0010,66214,2020,5,20,24.5,1,Y
IDCJAC0010,66214,2020,5,21,18.8,1,Y
IDCJAC0010,66214,2020,5,22,15.9,1,Y
IDCJAC0010,66214,2020,5,23,17.7,1,Y
IDCJAC0010,66214,2020,5,24,17.2,1,Y
IDCJAC0010,66214,2020,5,25,15.5,1,Y
IDCJAC0010,66214,2020,5,26,20,1,Y
IDCJAC0010,66214,2020,5,27,20.5,1,Y
IDCJAC0010,66214,2020,5,28,22.7,1,Y
IDCJAC0010,66214,2020,5,29,15.7,1,Y
IDCJAC0010,66214,2020,5,30,20.6,1,Y
IDCJAC0010,66214,2020,5,31,22.3,1,Y
IDCJAC0010,66214,2020,6,1,22.6,1,Y
IDCJAC0010,66214,2020,6,2,14.9,1,Y
IDCJAC0010,66214,2020,6,3,18.7,1,Y
IDCJAC0010,66214,2020,6,4,17,1,Y
IDCJAC0010,66214,2020,6,5,19.4,1,Y
IDCJAC0010,66214,2020,6,6,19.7,1,Y
IDCJAC0010,66214,2020,6,7,17.2,1,Y
IDCJAC0010,66214,2020,6,8,17.3,1,Y
IDCJAC0010,66214,2020,6,9,19.8,1,Y
IDCJAC0010,66214,2020,6,10,16.1,1,Y
IDCJAC0010,66214,2020,6,11,,,
IDCJAC0010,66214,2020,6,12,16.2,1,Y
IDCJAC0010,66214,2020,6,13,19.8,1,Y
IDCJAC0010,66214,2020,6,14,21.8,1,Y
IDCJAC0010,66214,2020,6,15,20.6,1,Y
IDCJAC0010,66214,2020,6,16,21.5,1,Y
IDCJAC0010,66214,2020,6,17,17.4,1,Y
IDCJAC0010,66214,2020,6,18,19.9,1,Y
IDCJAC0010,66214,2020,6,19,20.1,1,Y
IDCJAC0010,66214,2020,6,20,21.8,1,Y
IDCJAC0010,66214,2020,6,21,19.3,1,Y
IDCJAC0010,66214,2020,6,22,17.8,1,Y
IDCJAC0010,66214,2020,6,23,17.4,1,Y
IDCJAC0010,66214,2020,6,24,18.8,1,Y
IDCJAC0010,66214,2020,6,25,19.7,1,Y
IDCJAC0010,66214,2020,6,26,19.3,1,Y
IDCJAC0010,66214,2020,6,27,16.6,1,Y
IDCJAC0010,66214,2020,6,28,16.2,1,Y
IDCJAC0010,66214,2020,6,29,16.8,1,Y
IDCJAC0010,66214,2020,6,30,18.8,1,Y
IDCJAC0010,66214,2020,7,1,22.8,1,Y
IDCJAC0010,66214,2020,7,2,22.9,1,Y
IDCJAC0010,66214,2020,7,3,18.7,1,Y
IDCJAC0010,66214,2020,7,4,17.1,1,Y
IDCJAC0010,66214,2020,7,5,19.1,1,Y
IDCJAC0010,66214,2020,7,6,19.3,1,Y
IDCJAC0010,66214,2020,7,7,16.9,1,Y
IDCJAC0010,66214,2020,7,8,17.6,1,Y
IDCJAC0010,66214,2020,7,9,17.9,1,Y
IDCJAC0010,66214,2020,7,10,17.7,1,Y
IDCJAC0010,66214,2020,7,11,15.9,1,Y
IDCJAC0010,66214,2020,7,12,18.8,1,Y
IDCJAC0010,66214,2020,7,13,18.4,1,Y
IDCJAC0010,66214,2020,7,14,15.9,1,Y
IDCJAC0010,66214,2020,7,15,15,1,Y
IDCJAC0010,66214,2020,7,16,15.3,1,Y
IDCJAC0010,66214,2020,7,17,15.1,1,Y
IDCJAC0010,66214,2020,7,18,18.1,1,Y
IDCJAC0010,66214,2020,7,19,20.7,1,Y
IDCJAC0010,66214,2020,7,20,19.4,1,Y
IDCJAC0010,66214,2020,7,21,17.4,1,Y
IDCJAC0010,66214,2020,7,22,20,1,Y
IDCJAC0010,66214,2020,7,23,20.1,1,Y
IDCJAC0010,66214,2020,7,24,19,1,Y
IDCJAC0010,66214,2020,7,25,18,1,Y
IDCJAC0010,66214,2020,7,26,16.5,1,Y
IDCJAC0010,66214,2020,7,27,16.3,1,Y
IDCJAC0010,66214,2020,7,28,18.4,1,Y
IDCJAC0010,66214,2020,7,29,19.3,1,Y
IDCJAC0010,66214,2020,7,30,18.3,1,Y
IDCJAC0010,66214,2020,7,31,18.8,1,Y
IDCJAC0010,66214,2020,8,1,20.3,1,Y
IDCJAC0010,66214,2020,8,2,20.1,1,Y
IDCJAC0010,66214,2020,8,3,21.8,1,Y
IDCJAC0010,66214,2020,8,4,21.5,1,Y
IDCJAC0010,66214,2020,8,5,18.1,1,Y
IDCJAC0010,66214,2020,8,6,17.6,1,Y
IDCJAC0010,66214,2020,8,7,13.6,1,Y
IDCJAC0010,66214,2020,8,8,15.8,1,Y
IDCJAC0010,66214,2020,8,9,14.7,1,Y
IDCJAC0010,66214,2020,8,10,16.8,1,Y
IDCJAC0010,66214,2020,8,11,18.2,1,Y
IDCJAC0010,66214,2020,8,12,18.6,1,Y
IDCJAC0010,66214,2020,8,13,23.3,1,Y
IDCJAC0010,66214,2020,8,14,17.6,1,Y
IDCJAC0010,66214,2020,8,15,20.6,1,Y
IDCJAC0010,66214,2020,8,16,20.6,1,Y
IDCJAC0010,66214,2020,8,17,21,1,Y
IDCJAC0010,66214,2020,8,18,21.3,1,Y
IDCJAC0010,66214,2020,8,19,21.4,1,Y
IDCJAC0010,66214,2020,8,20,18.7,1,Y
IDCJAC0010,66214,2020,8,21,18.4,1,Y
IDCJAC0010,66214,2020,8,22,15.8,1,Y
IDCJAC0010,66214,2020,8,23,17.3,1,Y
IDCJAC0010,66214,2020,8,24,19.6,1,Y
IDCJAC0010,66214,2020,8,25,18.9,1,Y
IDCJAC0010,66214,2020,8,26,20.1,1,Y
IDCJAC0010,66214,2020,8,27,22.4,1,Y
IDCJAC0010,66214,2020,8,28,19.6,1,Y
IDCJAC0010,66214,2020,8,29,22.3,1,Y
IDCJAC0010,66214,2020,8,30,24.7,1,Y
IDCJAC0010,66214,2020,8,31,22.6,1,Y
IDCJAC0010,66214,2020,9,1,19.6,1,Y
IDCJAC0010,66214,2020,9,2,24.1,1,Y
IDCJAC0010,66214,2020,9,3,30.5,1,Y
IDCJAC0010,66214,2020,9,4,20.7,1,Y
IDCJAC0010,66214,2020,9,5,22.3,1,Y
IDCJAC0010,66214,2020,9,6,21.2,1,Y
IDCJAC0010,66214,2020,9,7,22.7,1,Y
IDCJAC0010,66214,2020,9,8,23.5,1,Y
IDCJAC0010,66214,2020,9,9,16.1,1,Y
IDCJAC0010,66214,2020,9,10,19.4,1,Y
IDCJAC0010,66214,2020,9,11,20.7,1,Y
IDCJAC0010,66214,2020,9,12,22.7,1,Y
IDCJAC0010,66214,2020,9,13,25.6,1,Y
IDCJAC0010,66214,2020,9,14,22.1,1,Y
IDCJAC0010,66214,2020,9,15,22.9,1,Y
IDCJAC0010,66214,2020,9,16,24.2,1,Y
IDCJAC0010,66214,2020,9,17,31.7,1,Y
IDCJAC0010,66214,2020,9,18,18.2,1,Y
IDCJAC0010,66214,2020,9,19,23,1,Y
IDCJAC0010,66214,2020,9,20,23.5,1,Y
IDCJAC0010,66214,2020,9,21,29.2,1,Y
IDCJAC0010,66214,2020,9,22,26.7,1,Y
IDCJAC0010,66214,2020,9,23,24.2,1,Y
IDCJAC0010,66214,2020,9,24,21.9,1,Y
IDCJAC0010,66214,2020,9,25,24.3,1,Y
IDCJAC0010,66214,2020,9,26,18,1,Y
IDCJAC0010,66214,2020,9,27,18.9,1,Y
IDCJAC0010,66214,2020,9,28,20.2,1,Y
IDCJAC0010,66214,2020,9,29,21.1,1,Y
IDCJAC0010,66214,2020,9,30,20.8,1,Y
IDCJAC0010,66214,2020,10,1,25.5,1,Y
IDCJAC0010,66214,2020,10,2,24.7,1,Y
IDCJAC0010,66214,2020,10,3,25.2,1,Y
IDCJAC0010,66214,2020,10,4,24.8,1,Y
IDCJAC0010,66214,2020,10,5,33.7,1,Y
IDCJAC0010,66214,2020,10,6,19.8,1,Y
IDCJAC0010,66214,2020,10,7,21.5,1,Y
IDCJAC0010,66214,2020,10,8,29.4,1,Y
IDCJAC0010,66214,2020,10,9,23.5,1,Y
IDCJAC0010,66214,2020,10,10,26,1,Y
IDCJAC0010,66214,2020,10,11,28.2,1,Y
IDCJAC0010,66214,2020,10,12,25.3,1,Y
IDCJAC0010,66214,2020,10,13,28.8,1,Y
IDCJAC0010,66214,2020,10,14,23.5,1,Y
IDCJAC0010,66214,2020,10,15,25.8,1,Y
IDCJAC0010,66214,2020,10,16,19.7,1,Y
IDCJAC0010,66214,2020,10,17,26.3,1,Y
IDCJAC0010,66214,2020,10,18,26.2,1,Y
IDCJAC0010,66214,2020,10,19,21.3,1,Y
IDCJAC0010,66214,2020,10,20,22.2,1,Y
IDCJAC0010,66214,2020,10,21,24.6,1,Y
IDCJAC0010,66214,2020,10,22,26.3,1,Y
IDCJAC0010,66214,2020,10,23,25.7,1,Y
IDCJAC0010,66214,2020,10,24,26,1,Y
IDCJAC0010,66214,2020,10,25,15.2,1,Y
IDCJAC0010,66214,2020,10,26,16.6,1,Y
IDCJAC0010,66214,2020,10,27,20.5,1,Y
IDCJAC0010,66214,2020,10,28,20,1,Y
IDCJAC0010,66214,2020,10,29,22.6,1,Y
IDCJAC0010,66214,2020,10,30,24.7,1,Y
IDCJAC0010,66214,2020,10,31,25.4,1,Y
IDCJAC0010,66214,2020,11,1,19.7,1,Y
IDCJAC0010,66214,2020,11,2,22.2,1,Y
IDCJAC0010,66214,2020,11,3,23.9,1,Y
IDCJAC0010,66214,2020,11,4,24.7,1,Y
IDCJAC0010,66214,2020,11,5,15.6,1,Y
IDCJAC0010,66214,2020,11,6,21.6,1,Y
IDCJAC0010,66214,2020,11,7,20.7,1,Y
IDCJAC0010,66214,2020,11,8,21.1,1,Y
IDCJAC0010,66214,2020,11,9,22.6,1,Y
IDCJAC0010,66214,2020,11,10,23.3,1,Y
IDCJAC0010,66214,2020,11,11,25.4,1,Y
IDCJAC0010,66214,2020,11,12,28.6,1,Y
IDCJAC0010,66214,2020,11,13,30.4,1,Y
IDCJAC0010,66214,2020,11,14,26.7,1,Y
IDCJAC0010,66214,2020,11,15,25.7,1,Y
IDCJAC0010,66214,2020,11,16,36.5,1,Y
IDCJAC0010,66214,2020,11,17,25,1,Y
IDCJAC0010,66214,2020,11,18,25.4,1,Y
IDCJAC0010,66214,2020,11,19,26.7,1,Y
IDCJAC0010,66214,2020,11,20,27.8,1,Y
IDCJAC0010,66214,2020,11,21,25.6,1,Y
IDCJAC0010,66214,2020,11,22,25.6,1,Y
IDCJAC0010,66214,2020,11,23,25.5,1,Y
IDCJAC0010,66214,2020,11,24,24.6,1,Y
IDCJAC0010,66214,2020,11,25,25,1,Y
IDCJAC0010,66214,2020,11,26,28.3,1,Y
IDCJAC0010,66214,2020,11,27,27.1,1,Y
IDCJAC0010,66214,2020,11,28,40.8,1,Y
IDCJAC0010,66214,2020,11,29,40.5,1,Y
IDCJAC0010,66214,2020,11,30,27.3,1,Y
IDCJAC0010,66214,2020,12,1,28.4,1,Y
IDCJAC0010,66214,2020,12,2,24,1,Y
IDCJAC0010,66214,2020,12,3,23,1,Y
IDCJAC0010,66214,2020,12,4,30,1,Y
IDCJAC0010,66214,2020,12,5,25.1,1,Y
IDCJAC0010,66214,2020,12,6,30.7,1,Y
IDCJAC0010,66214,2020,12,7,30.8,1,Y
IDCJAC0010,66214,2020,12,8,24.5,1,Y
IDCJAC0010,66214,2020,12,9,26.7,1,Y
IDCJAC0010,66214,2020,12,10,27.3,1,Y
IDCJAC0010,66214,2020,12,11,23.9,1,Y
IDCJAC0010,66214,2020,12,12,25.1,1,Y
IDCJAC0010,66214,2020,12,13,27.5,1,Y
IDCJAC0010,66214,2020,12,14,24.8,1,Y
IDCJAC0010,66214,2020,12,15,24.8,1,Y
IDCJAC0010,66214,2020,12,16,27.7,1,Y
IDCJAC0010,66214,2020,12,17,30.5,1,Y
IDCJAC0010,66214,2020,12,18,30.3,1,Y
IDCJAC0010,66214,2020,12,19,19.6,1,Y
IDCJAC0010,66214,2020,12,20,23.7,1,Y
IDCJAC0010,66214,2020,12,21,24.5,1,Y
IDCJAC0010,66214,2020,12,22,27.6,1,Y
IDCJAC0010,66214,2020,12,23,26.3,1,Y
IDCJAC0010,66214,2020,12,24,26.9,1,Y
IDCJAC0010,66214,2020,12,25,21.9,1,Y
IDCJAC0010,66214,2020,12,26,25.8,1,Y
IDCJAC0010,66214,2020,12,27,27.4,1,Y
IDCJAC0010,66214,2020,12,28,30.3,1,Y
IDCJAC0010,66214,2020,12,29,20.8,1,Y
IDCJAC0010,66214,2020,12,30,24,1,Y
IDCJAC0010,66214,2020,12,31,24.5,1,Y
IDCJAC0010,66214,2021,1,1,22,1,Y
IDCJAC0010,66214,2021,1,2,22.4,1,Y
IDCJAC0010,66214,2021,1,3,26.5,1,Y
IDCJAC0010,66214,2021,1,4,27.7,1,Y
IDCJAC0010,66214,2021,1,5,28,1,Y
IDCJAC0010,66214,2021,1,6,25.4,1,Y
IDCJAC0010,66214,2021,1,7,23.5,1,Y
IDCJAC0010,66214,2021,1,8,22.7,1,Y
IDCJAC0010,66214,2021,1,9,26.7,1,Y
IDCJAC0010,66214,2021,1,10,27.8,1,Y
IDCJAC0010,66214,2021,1,11,28.6,1,Y
IDCJAC0010,66214,2021,1,12,29.3,1,Y
IDCJAC0010,66214,2021,1,13,29.8,1,Y
IDCJAC0010,66214,2021,1,14,31.6,1,Y
IDCJAC0010,66214,2021,1,15,28.1,1,Y
IDCJAC0010,66214,2021,1,16,27,1,Y
IDCJAC0010,66214,2021,1,17,27.1,1,Y
IDCJAC0010,66214,2021,1,18,30.1,1,Y
IDCJAC0010,66214,2021,1,19,25.2,1,Y
IDCJAC0010,66214,2021,1,20,23.1,1,Y
IDCJAC0010,66214,2021,1,21,28.2,1,Y
IDCJAC0010,66214,2021,1,22,32.9,1,Y
IDCJAC0010,66214,2021,1,23,31.9,1,Y
IDCJAC0010,66214,2021,1,24,34.2,1,Y
IDCJAC0010,66214,2021,1,25,32.3,1,Y
IDCJAC0010,66214,2021,1,26,37.1,1,Y
IDCJAC0010,66214,2021,1,27,23.5,1,Y
IDCJAC0010,66214,2021,1,28,22.5,1,Y
IDCJAC0010,66214,2021,1,29,22.8,1,Y
IDCJAC0010,66214,2021,1,30,28.8,1,Y
IDCJAC0010,66214,2021,1,31,23.4,1,Y
IDCJAC0010,66214,2021,2,1,28.9,1,Y
IDCJAC0010,66214,2021,2,2,25.8,1,Y
IDCJAC0010,66214,2021,2,3,25.8,1,Y
IDCJAC0010,66214,2021,2,4,28.9,1,Y
IDCJAC0010,66214,2021,2,5,28.3,1,Y
IDCJAC0010,66214,2021,2,6,24.6,1,Y
IDCJAC0010,66214,2021,2,7,28.8,1,Y
IDCJAC0010,66214,2021,2,8,24.2,1,Y
IDCJAC0010,66214,2021,2,9,25.8,1,Y
IDCJAC0010,66214,2021,2,10,27.1,1,Y
IDCJAC0010,66214,2021,2,11,27.9,1,Y
IDCJAC0010,66214,2021,2,12,33.2,1,Y
IDCJAC0010,66214,2021,2,13,20.6,1,Y
IDCJAC0010,66214,2021,2,14,25.3,1,Y
IDCJAC0010,66214,2021,2,15,24,1,Y
IDCJAC0010,66214,2021,2,16,27.5,1,Y
IDCJAC0010,66214,2021,2,17,27,1,Y
IDCJAC0010,66214,2021,2,18,25.6,1,Y
IDCJAC0010,66214,2021,2,19,29.7,1,Y
IDCJAC0010,66214,2021,2,20,29.3,1,Y
IDCJAC0010,66214,2021,2,21,29.2,1,Y
IDCJAC0010,66214,2021,2,22,29.5,1,Y
IDCJAC0010,66214,2021,2,23,21.4,1,Y
IDCJAC0010,66214,2021,2,24,21.9,1,Y
IDCJAC0010,66214,2021,2,25,25.8,1,Y
IDCJAC0010,66214,2021,2,26,28,1,Y
IDCJAC0010,66214,2021,2,27,23.2,1,Y
IDCJAC0010,66214,2021,2,28,28.9,1,Y
IDCJAC0010,66214,2021,3,1,30.8,1,Y
IDCJAC0010,66214,2021,3,2,24.7,1,Y
IDCJAC0010,66214,2021,3,3,23.5,1,Y
IDCJAC0010,66214,2021,3,4,28.7,1,Y
IDCJAC0010,66214,2021,3,5,25,1,Y
IDCJAC0010,66214,2021,3,6,24.8,1,Y
IDCJAC0010,66214,2021,3,7,27.3,1,Y
IDCJAC0010,66214,2021,3,8,31.2,1,Y
IDCJAC0010,66214,2021,3,9,28.8,1,Y
IDCJAC0010,66214,2021,3,10,27.9,1,Y
IDCJAC0010,66214,2021,3,11,28.1,1,Y
IDCJAC0010,66214,2021,3,12,27.4,1,Y
IDCJAC0010,66214,2021,3,13,29.4,1,Y
IDCJAC0010,66214,2021,3,14,19.3,1,Y
IDCJAC0010,66214,2021,3,15,24.3,1,Y
IDCJAC0010,66214,2021,3,16,21.2,1,Y
IDCJAC0010,66214,2021,3,17,23.8,1,Y
IDCJAC0010,66214,2021,3,18,21.5,1,Y
IDCJAC0010,66214,2021,3,19,25.7,1,Y
IDCJAC0010,66214,2021,3,20,21.8,1,Y
IDCJAC0010,66214,2021,3,21,20.3,1,Y
IDCJAC0010,66214,2021,3,22,19.9,1,Y
IDCJAC0010,66214,2021,3,23,20.4,1,Y
IDCJAC0010,66214,2021,3,24,29.2,1,Y
IDCJAC0010,66214,2021,3,25,29.1,1,Y
IDCJAC0010,66214,2021,3,26,26.3,1,Y
IDCJAC0010,66214,2021,3,27,28.5,1,Y
IDCJAC0010,66214,2021,3,28,27,1,Y
IDCJAC0010,66214,2021,3,29,26.7,1,Y
IDCJAC0010,66214,2021,3,30,23.3,1,Y
IDCJAC0010,66214,2021,3,31,24.6,1,Y
IDCJAC0010,66214,2021,4,1,27.3,1,Y
IDCJAC0010,66214,2021,4,2,27.3,1,Y
IDCJAC0010,66214,2021,4,3,26.9,1,Y
IDCJAC0010,66214,2021,4,4,27.3,1,Y
IDCJAC0010,66214,2021,4,5,28.3,1,Y
IDCJAC0010,66214,2021,4,6,27.5,1,Y
IDCJAC0010,66214,2021,4,7,26.5,1,Y
IDCJAC0010,66214,2021,4,8,26.8,1,Y
IDCJAC0010,66214,2021,4,9,28.8,1,Y
IDCJAC0010,66214,2021,4,10,24.5,1,Y
IDCJAC0010,66214,2021,4,11,19.7,1,Y
IDCJAC0010,66214,2021,4,12,20.5,1,Y
IDCJAC0010,66214,2021,4,13,22.9,1,Y
IDCJAC0010,66214,2021,4,14,27.8,1,Y
IDCJAC0010,66214,2021,4,15,26.7,1,Y
IDCJAC0010,66214,2021,4,16,21.9,1,Y
IDCJAC0010,66214,2021,4,17,18.5,1,Y
IDCJAC0010,66214,2021,4,18,23.1,1,Y
IDCJAC0010,66214,2021,4,19,24.2,1,Y
IDCJAC0010,66214,2021,4,20,22.9,1,Y
IDCJAC0010,66214,2021,4,21,20.9,1,Y
IDCJAC0010,66214,2021,4,22,21.3,1,Y
IDCJAC0010,66214,2021,4,23,23.1,1,Y
IDCJAC0010,66214,2021,4,24,23.5,1,Y
IDCJAC0010,66214,2021,4,25,23.8,1,Y
IDCJAC0010,66214,2021,4,26,23.3,1,Y
IDCJAC0010,66214,2021,4,27,24.4,1,Y
IDCJAC0010,66214,2021,4,28,22.9,1,Y
IDCJAC0010,66214,2021,4,29,22.8,1,Y
IDCJAC0010,66214,2021,4,30,24.1,1,Y
IDCJAC0010,66214,2021,5,1,23,1,Y
IDCJAC0010,66214,2021,5,2,24.6,1,Y
IDCJAC0010,66214,2021,5,3,24.7,1,Y
IDCJAC0010,66214,2021,5,4,17.1,1,Y
IDCJAC0010,66214,2021,5,5,19.5,1,Y
IDCJAC0010,66214,2021,5,6,22,1,Y
IDCJAC0010,66214,2021,5,7,22.8,1,Y
IDCJAC0010,66214,2021,5,8,26.2,1,Y
IDCJAC0010,66214,2021,5,9,19.4,1,Y
IDCJAC0010,66214,2021,5,10,24.7,1,Y
IDCJAC0010,66214,2021,5,11,23.6,1,Y
IDCJAC0010,66214,2021,5,12,22.5,1,Y
IDCJAC0010,66214,2021,5,13,24.4,1,Y
IDCJAC0010,66214,2021,5,14,20.3,1,Y
IDCJAC0010,66214,2021,5,15,18.6,1,Y
IDCJAC0010,66214,2021,5,16,19.2,1,Y
IDCJAC0010,66214,2021,5,17,20.2,1,Y
IDCJAC0010,66214,2021,5,18,20.6,1,Y
IDCJAC0010,66214,2021,5,19,21.3,1,Y
IDCJAC0010,66214,2021,5,20,21.6,1,Y
IDCJAC0010,66214,2021,5,21,16.4,1,Y
IDCJAC0010,66214,2021,5,22,21.8,1,Y
IDCJAC0010,66214,2021,5,23,20.3,1,Y
IDCJAC0010,66214,2021,5,24,18.7,1,Y
IDCJAC0010,66214,2021,5,25,22.6,1,Y
IDCJAC0010,66214,2021,5,26,22.3,1,Y
IDCJAC0010,66214,2021,5,27,19.6,1,Y
IDCJAC0010,66214,2021,5,28,17.4,1,Y
IDCJAC0010,66214,2021,5,29,16,1,Y
IDCJAC0010,66214,2021,5,30,16.2,1,Y
IDCJAC0010,66214,2021,5,31,20.4,1,Y
IDCJAC0010,66214,2021,6,1,20.5,1,Y
IDCJAC0010,66214,2021,6,2,22,1,Y
IDCJAC0010,66214,2021,6,3,13.4,1,Y
IDCJAC0010,66214,2021,6,4,20.5,1,Y
IDCJAC0010,66214,2021,6,5,18,1,Y
IDCJAC0010,66214,2021,6,6,21.3,1,Y
IDCJAC0010,66214,2021,6,7,20.2,1,Y
IDCJAC0010,66214,2021,6,8,19.1,1,Y
IDCJAC0010,66214,2021,6,9,15.7,1,Y
IDCJAC0010,66214,2021,6,10,10.3,1,Y
IDCJAC0010,66214,2021,6,11,15.4,1,Y
IDCJAC0010,66214,2021,6,12,18.8,1,Y
IDCJAC0010,66214,2021,6,13,19.6,1,Y
IDCJAC0010,66214,2021,6,14,17.8,1,Y
IDCJAC0010,66214,2021,6,15,18.2,1,Y
IDCJAC0010,66214,2021,6,16,20.2,1,Y
IDCJAC0010,66214,2021,6,17,17.9,1,Y
IDCJAC0010,66214,2021,6,18,18.9,1,Y
IDCJAC0010,66214,2021,6,19,14.6,1,Y
IDCJAC0010,66214,2021,6,20,15.3,1,Y
IDCJAC0010,66214,2021,6,21,15.8,1,Y
IDCJAC0010,66214,2021,6,22,18.9,1,Y
IDCJAC0010,66214,2021,6,23,19.2,1,Y
IDCJAC0010,66214,2021,6,24,21.7,1,Y
IDCJAC0010,66214,2021,6,25,19.8,1,Y
IDCJAC0010,66214,2021,6,26,19.1,1,Y
IDCJAC0010,66214,2021,6,27,19.6,1,Y
IDCJAC0010,66214,2021,6,28,17,1,Y
IDCJAC0010,66214,2021,6,29,17.2,1,Y
IDCJAC0010,66214,2021,6,30,18.3,1,Y
IDCJAC0010,66214,2021,7,1,17.7,1,Y
IDCJAC0010,66214,2021,7,2,20.7,1,Y
IDCJAC0010,66214,2021,7,3,20.8,1,Y
IDCJAC0010,66214,2021,7,4,16,1,Y
IDCJAC0010,66214,2021,7,5,17.5,1,Y
IDCJAC0010,66214,2021,7,6,16.7,1,Y
IDCJAC0010,66214,2021,7,7,19.1,1,Y
IDCJAC0010,66214,2021,7,8,17.2,1,Y
IDCJAC0010,66214,2021,7,9,12.5,1,Y
IDCJAC0010,66214,2021,7,10,14.1,1,Y
IDCJAC0010,66214,2021,7,11,17.5,1,Y
IDCJAC0010,66214,2021,7,12,17.2,1,Y
IDCJAC0010,66214,2021,7,13,19.6,1,Y
IDCJAC0010,66214,2021,7,14,16.4,1,Y
IDCJAC0010,66214,2021,7,15,23.4,1,Y
IDCJAC0010,66214,2021,7,16,19.1,1,Y
IDCJAC0010,66214,2021,7,17,14.6,1,Y
IDCJAC0010,66214,2021,7,18,19.3,1,Y
IDCJAC0010,66214,2021,7,19,16.2,1,Y
IDCJAC0010,66214,2021,7,20,15.9,1,Y
IDCJAC0010,66214,2021,7,21,15,1,Y
IDCJAC0010,66214,2021,7,22,18.3,1,Y
IDCJAC0010,66214,2021,7,23,17.5,1,Y
IDCJAC0010,66214,2021,7,24,18.6,1,Y
IDCJAC0010,66214,2021,7,25,16.2,1,Y
IDCJAC0010,66214,2021,7,26,20.6,1,Y
IDCJAC0010,66214,2021,7,27,20.5,1,Y
IDCJAC0010,66214,2021,7,28,25.4,1,Y
IDCJAC0010,66214,2021,7,29,19.4,1,Y
IDCJAC0010,66214,2021,7,30,18.1,1,Y
IDCJAC0010,66214,2021,7,31,23.3,1,Y
IDCJAC0010,66214,2021,8,1,25.6,1,Y
IDCJAC0010,66214,2021,8,2,18.9,1,Y
IDCJAC0010,66214,2021,8,3,20.2,1,Y
IDCJAC0010,66214,2021,8,4,16.6,1,Y
IDCJAC0010,66214,2021,8,5,20.2,1,Y
IDCJAC0010,66214,2021,8,6,21.6,1,Y
IDCJAC0010,66214,2021,8,7,20,1,Y
IDCJAC0010,66214,2021,8,8,15.3,1,Y
IDCJAC0010,66214,2021,8,9,20.4,1,Y
IDCJAC0010,66214,2021,8,10,22.8,1,Y
IDCJAC0010,66214,2021,8,11,24.2,1,Y
IDCJAC0010,66214,2021,8,12,21.6,1,Y
IDCJAC0010,66214,2021,8,13,21.6,1,Y
IDCJAC0010,66214,2021,8,14,20.3,1,Y
IDCJAC0010,66214,2021,8,15,22.2,1,Y
IDCJAC0010,66214,2021,8,16,23.2,1,Y
IDCJAC0010,66214,2021,8,17,20.6,1,Y
IDCJAC0010,66214,2021,8,18,20.1,1,Y
IDCJAC0010,66214,2021,8,19,20.1,1,Y
IDCJAC0010,66214,2021,8,20,24,1,Y
IDCJAC0010,66214,2021,8,21,24.4,1,Y
IDCJAC0010,66214,2021,8,22,25.4,1,Y
IDCJAC0010,66214,2021,8,23,24,1,Y
IDCJAC0010,66214,2021,8,24,11.5,1,Y
IDCJAC0010,66214,2021,8,25,15.7,1,Y
IDCJAC0010,66214,2021,8,26,19.8,1,Y
IDCJAC0010,66214,2021,8,27,21,1,Y
IDCJAC0010,66214,2021,8,28,18.4,1,Y
IDCJAC0010,66214,2021,8,29,18.9,1,Y
IDCJAC0010,66214,2021,8,30,20.9,1,Y
IDCJAC0010,66214,2021,8,31,22.6,1,Y
IDCJAC0010,66214,2021,9,1,25.7,1,Y
IDCJAC0010,66214,2021,9,2,22.6,1,Y
IDCJAC0010,66214,2021,9,3,23.5,1,Y
IDCJAC0010,66214,2021,9,4,22.9,1,Y
IDCJAC0010,66214,2021,9,5,19.1,1,Y
IDCJAC0010,66214,2021,9,6,18.9,1,Y
IDCJAC0010,66214,2021,9,7,24.4,1,Y
IDCJAC0010,66214,2021,9,8,21.7,1,Y
IDCJAC0010,66214,2021,9,9,28.3,1,Y
IDCJAC0010,66214,2021,9,10,24.8,1,Y
IDCJAC0010,66214,2021,9,11,29.3,1,Y
IDCJAC0010,66214,2021,9,12,30.1,1,Y
IDCJAC0010,66214,2021,9,13,17.7,1,Y
IDCJAC0010,66214,2021,9,14,15.9,1,Y
IDCJAC0010,66214,2021,9,15,18,1,Y
IDCJAC0010,66214,2021,9,16,18.3,1,Y
IDCJAC0010,66214,2021,9,17,21.3,1,Y
IDCJAC0010,66214,2021,9,18,24.3,1,Y
IDCJAC0010,66214,2021,9,19,24.4,1,Y
IDCJAC0010,66214,2021,9,20,26.4,1,Y
IDCJAC0010,66214,2021,9,21,17.4,1,Y
IDCJAC0010,66214,2021,9,22,19.8,1,Y
IDCJAC0010,66214,2021,9,23,26.6,1,Y
IDCJAC0010,66214,2021,9,24,27.1,1,Y
IDCJAC0010,66214,2021,9,25,21.5,1,Y
IDCJAC0010,66214,2021,9,26,16,1,Y
IDCJAC0010,66214,2021,9,27,21,1,Y
IDCJAC0010,66214,2021,9,28,21.9,1,Y
IDCJAC0010,66214,2021,9,29,21.9,1,Y
IDCJAC0010,66214,2021,9,30,23.7,1,Y
IDCJAC0010,66214,2021,10,1,24.7,1,Y
IDCJAC0010,66214,2021,10,2,24.9,1,Y
IDCJAC0010,66214,2021,10,3,26,1,Y
IDCJAC0010,66214,2021,10,4,28.3,1,Y
IDCJAC0010,66214,2021,10,5,22.6,1,Y
IDCJAC0010,66214,2021,10,6,24.9,1,Y
IDCJAC0010,66214,2021,10,7,31,1,Y
IDCJAC0010,66214,2021,10,8,22.8,1,Y
IDCJAC0010,66214,2021,10,9,25.6,1,Y
IDCJAC0010,66214,2021,10,10,25.5,1,Y
IDCJAC0010,66214,2021,10,11,15.5,1,Y
IDCJAC0010,66214,2021,10,12,17.3,1,Y
IDCJAC0010,66214,2021,10,13,18.4,1,Y
IDCJAC0010,66214,2021,10,14,24.1,1,Y
IDCJAC0010,66214,2021,10,15,22.1,1,Y
IDCJAC0010,66214,2021,10,16,23.3,1,Y
IDCJAC0010,66214,2021,10,17,23.1,1,Y
IDCJAC0010,66214,2021,10,18,25.1,1,Y
IDCJAC0010,66214,2021,10,19,24.2,1,Y
IDCJAC0010,66214,2021,10,20,23.5,1,Y
IDCJAC0010,66214,2021,10,21,24.8,1,Y
IDCJAC0010,66214,2021,10,22,25.1,1,Y
IDCJAC0010,66214,2021,10,23,25.2,1,Y
IDCJAC0010,66214,2021,10,24,22.8,1,Y
IDCJAC0010,66214,2021,10,25,23.2,1,Y
IDCJAC0010,66214,2021,10,26,23.4,1,Y
IDCJAC0010,66214,2021,10,27,25.4,1,Y
IDCJAC0010,66214,2021,10,28,30.4,1,Y
IDCJAC0010,66214,2021,10,29,33,1,Y
IDCJAC0010,66214,2021,10,30,20.9,1,Y
IDCJAC0010,66214,2021,10,31,23,1,Y
IDCJAC0010,66214,2021,11,1,24.6,1,Y
IDCJAC0010,66214,2021,11,2,25.9,1,Y
IDCJAC0010,66214,2021,11,3,25.1,1,Y
IDCJAC0010,66214,2021,11,4,20.7,1,Y
IDCJAC0010,66214,2021,11,5,25,1,Y
IDCJAC0010,66214,2021,11,6,26,1,Y
IDCJAC0010,66214,2021,11,7,26.1,1,Y
IDCJAC0010,66214,2021,11,8,24.8,1,Y
IDCJAC0010,66214,2021,11,9,24.8,1,Y
IDCJAC0010,66214,2021,11,10,21.1,1,Y
IDCJAC0010,66214,2021,11,11,19.4,1,Y
IDCJAC0010,66214,2021,11,12,22.4,1,Y
IDCJAC0010,66214,2021,11,13,21.4,1,Y
IDCJAC0010,66214,2021,11,14,23.2,1,Y
IDCJAC0010,66214,2021,11,15,24.1,1,Y
IDCJAC0010,66214,2021,11,16,21.6,1,Y
IDCJAC0010,66214,2021,11,17,22.5,1,Y
IDCJAC0010,66214,2021,11,18,25.3,1,Y
IDCJAC0010,66214,2021,11,19,30.5,1,Y
IDCJAC0010,66214,2021,11,20,21,1,Y
IDCJAC0010,66214,2021,11,21,19.2,1,Y
IDCJAC0010,66214,2021,11,22,22.3,1,Y
IDCJAC0010,66214,2021,11,23,22.7,1,Y
IDCJAC0010,66214,2021,11,24,27.6,1,Y
IDCJAC0010,66214,2021,11,25,24.5,1,Y
IDCJAC0010,66214,2021,11,26,18.7,1,Y
IDCJAC0010,66214,2021,11,27,18.7,1,Y
IDCJAC0010,66214,2021,11,28,21.2,1,Y
IDCJAC0010,66214,2021,11,29,23.3,1,Y
IDCJAC0010,66214,2021,11,30,23.3,1,Y
IDCJAC0010,66214,2021,12,1,26.8,1,Y
IDCJAC0010,66214,2021,12,2,27.4,1,Y
IDCJAC0010,66214,2021,12,3,27.3,1,Y
IDCJAC0010,66214,2021,12,4,23.1,1,Y
IDCJAC0010,66214,2021,12,5,19.7,1,Y
IDCJAC0010,66214,2021,12,6,23.3,1,Y
IDCJAC0010,66214,2021,12,7,26.9,1,Y
IDCJAC0010,66214,2021,12,8,20.1,1,Y
IDCJAC0010,66214,2021,12,9,24.7,1,Y
IDCJAC0010,66214,2021,12,10,22.7,1,Y
IDCJAC0010,66214,2021,12,11,22.6,1,Y
IDCJAC0010,66214,2021,12,12,23.6,1,Y
IDCJAC0010,66214,2021,12,13,24.8,1,Y
IDCJAC0010,66214,2021,12,14,25.8,1,Y
IDCJAC0010,66214,2021,12,15,28,1,Y
IDCJAC0010,66214,2021,12,16,25.7,1,Y
IDCJAC0010,66214,2021,12,17,26.4,1,Y
IDCJAC0010,66214,2021,12,18,30.9,1,Y
IDCJAC0010,66214,2021,12,19,34.6,1,Y
IDCJAC0010,66214,2021,12,20,29.1,1,Y
IDCJAC0010,66214,2021,12,21,31.5,1,Y
IDCJAC0010,66214,2021,12,22,28.5,1,Y
IDCJAC0010,66214,2021,12,23,27,1,Y
IDCJAC0010,66214,2021,12,24,28.1,1,Y
IDCJAC0010,66214,2021,12,25,29.4,1,Y
IDCJAC0010,66214,2021,12,26,27.3,1,Y
IDCJAC0010,66214,2021,12,27,22.8,1,Y
IDCJAC0010,66214,2021,12,28,22.5,1,Y
IDCJAC0010,66214,2021,12,29,23.8,1,Y
IDCJAC0010,66214,2021,12,30,27.2,1,Y
IDCJAC0010,66214,2021,12,31,28.1,1,Y
IDCJAC0010,66214,2022,1,1,28.2,1,Y
IDCJAC0010,66214,2022,1,2,29.2,1,Y
IDCJAC0010,66214,2022,1,3,29.6,1,Y
IDCJAC0010,66214,2022,1,4,29.1,1,Y
IDCJAC0010,66214,2022,1,5,27.2,1,Y
IDCJAC0010,66214,2022,1,6,28.7,1,Y
IDCJAC0010,66214,2022,1,7,26.3,1,Y
IDCJAC0010,66214,2022,1,8,30.2,1,Y
IDCJAC0010,66214,2022,1,9,25.6,1,Y
IDCJAC0010,66214,2022,1,10,29.4,1,Y
IDCJAC0010,66214,2022,1,11,28.1,1,Y
IDCJAC0010,66214,2022,1,12,29.1,1,Y
IDCJAC0010,66214,2022,1,13,25,1,Y
IDCJAC0010,66214,2022,1,14,28.9,1,Y
IDCJAC0010,66214,2022,1,15,28.1,1,Y
IDCJAC0010,66214,2022,1,16,29.3,1,Y
IDCJAC0010,66214,2022,1,17,28.6,1,Y
IDCJAC0010,66214,2022,1,18,23.8,1,Y
IDCJAC0010,66214,2022,1,19,23.8,1,Y
IDCJAC0010,66214,2022,1,20,24.3,1,Y
IDCJAC0010,66214,2022,1,21,26.1,1,Y
IDCJAC0010,66214,2022,1,22,25.5,1,Y
IDCJAC0010,66214,2022,1,23,25.4,1,Y
IDCJAC0010,66214,2022,1,24,28.2,1,Y
IDCJAC0010,66214,2022,1,25,26.9,1,Y
IDCJAC0010,66214,2022,1,26,27.7,1,Y
IDCJAC0010,66214,2022,1,27,28.6,1,Y
IDCJAC0010,66214,2022,1,28,29.4,1,Y
IDCJAC0010,66214,2022,1,29,29.5,1,Y
IDCJAC0010,66214,2022,1,30,30,1,Y
IDCJAC0010,66214,2022,1,31,30,1,Y
IDCJAC0010,66214,2022,2,1,31.9,1,Y
IDCJAC0010,66214,2022,2,2,21.3,1,Y
IDCJAC0010,66214,2022,2,3,24.3,1,Y
IDCJAC0010,66214,2022,2,4,23.7,1,Y
IDCJAC0010,66214,2022,2,5,25.3,1,Y
IDCJAC0010,66214,2022,2,6,26.1,1,Y
IDCJAC0010,66214,2022,2,7,25.1,1,Y
IDCJAC0010,66214,2022,2,8,25.5,1,Y
IDCJAC0010,66214,2022,2,9,31.3,1,Y
IDCJAC0010,66214,2022,2,10,30.7,1,Y
IDCJAC0010,66214,2022,2,11,24.3,1,Y
IDCJAC0010,66214,2022,2,12,25.5,1,Y
IDCJAC0010,66214,2022,2,13,27.5,1,Y
IDCJAC0010,66214,2022,2,14,28.1,1,Y
IDCJAC0010,66214,2022,2,15,28.5,1,Y
IDCJAC0010,66214,2022,2,16,28.7,1,Y
IDCJAC0010,66214,2022,2,17,29.6,1,Y
IDCJAC0010,66214,2022,2,18,29.8,1,Y
IDCJAC0010,66214,2022,2,19,24,1,Y
IDCJAC0010,66214,2022,2,20,29.8,1,Y
IDCJAC0010,66214,2022,2,21,31.6,1,Y
IDCJAC0010,66214,2022,2,22,23.5,1,Y
IDCJAC0010,66214,2022,2,23,26.3,1,Y
IDCJAC0010,66214,2022,2,24,27.9,1,Y
IDCJAC0010,66214,2022,2,25,24.2,1,Y
IDCJAC0010,66214,2022,2,26,21.5,1,Y
IDCJAC0010,66214,2022,2,27,26.7,1,Y
IDCJAC0010,66214,2022,2,28,25.7,1,Y
IDCJAC0010,66214,2022,3,1,23.1,1,Y
IDCJAC0010,66214,2022,3,2,22.7,1,Y
IDCJAC0010,66214,2022,3,3,24.9,1,Y
IDCJAC0010,66214,2022,3,4,26.9,1,Y
IDCJAC0010,66214,2022,3,5,28,1,Y
IDCJAC0010,66214,2022,3,6,24.8,1,Y
IDCJAC0010,66214,2022,3,7,27.8,1,Y
IDCJAC0010,66214,2022,3,8,22.4,1,Y
IDCJAC0010,66214,2022,3,9,24.4,1,Y
IDCJAC0010,66214,2022,3,10,23.3,1,Y
IDCJAC0010,66214,2022,3,11,24.8,1,Y
IDCJAC0010,66214,2022,3,12,26.5,1,Y
IDCJAC0010,66214,2022,3,13,23.8,1,Y
IDCJAC0010,66214,2022,3,14,23.7,1,Y
IDCJAC0010,66214,2022,3,15,26.3,1,Y
IDCJAC0010,66214,2022,3,16,26.4,1,Y
IDCJAC0010,66214,2022,3,17,26.9,1,Y
IDCJAC0010,66214,2022,3,18,28.6,1,Y
IDCJAC0010,66214,2022,3,19,22.8,1,Y
IDCJAC0010,66214,2022,3,20,27,1,Y
IDCJAC0010,66214,2022,3,21,25.9,1,Y
IDCJAC0010,66214,2022,3,22,27.7,1,Y
IDCJAC0010,66214,2022,3,23,24.3,1,Y
IDCJAC0010,66214,2022,3,24,21.7,1,Y
IDCJAC0010,66214,2022,3,25,24.6,1,Y
IDCJAC0010,66214,2022,3,26,22.5,1,Y
IDCJAC0010,66214,2022,3,27,22.9,1,Y
IDCJAC0010,66214,2022,3,28,25.4,1,Y
IDCJAC0010,66214,2022,3,29,23.4,1,Y
IDCJAC0010,66214,2022,3,30,23.5,1,Y
IDCJAC0010,66214,2022,3,31,21.5,1,Y
IDCJAC0010,66214,2022,4,1,18.2,1,Y
IDCJAC0010,66214,2022,4,2,21.9,1,Y
IDCJAC0010,66214,2022,4,3,26.3,1,Y
IDCJAC0010,66214,2022,4,4,29.3,1,Y
IDCJAC0010,66214,2022,4,5,27.1,1,Y
IDCJAC0010,66214,2022,4,6,19.1,1,Y
IDCJAC0010,66214,2022,4,7,20.3,1,Y
IDCJAC0010,66214,2022,4,8,24.1,1,Y
IDCJAC0010,66214,2022,4,9,23.2,1,Y
IDCJAC0010,66214,2022,4,10,25.4,1,Y
IDCJAC0010,66214,2022,4,11,29.9,1,Y
IDCJAC0010,66214,2022,4,12,22.9,1,Y
IDCJAC0010,66214,2022,4,13,21.8,1,Y
IDCJAC0010,66214,2022,4,14,25,1,Y
IDCJAC0010,66214,2022,4,15,25,1,Y
IDCJAC0010,66214,2022,4,16,25,1,Y
IDCJAC0010,66214,2022,4,17,24.2,1,Y
IDCJAC0010,66214,2022,4,18,25.6,1,Y
IDCJAC0010,66214,2022,4,19,29.2,1,Y
IDCJAC0010,66214,2022,4,20,24.9,1,Y
IDCJAC0010,66214,2022,4,21,22.6,1,Y
IDCJAC0010,66214,2022,4,22,18.6,1,Y
IDCJAC0010,66214,2022,4,23,24.4,1,Y
IDCJAC0010,66214,2022,4,24,24,1,Y
IDCJAC0010,66214,2022,4,25,24.8,1,Y
IDCJAC0010,66214,2022,4,26,20.1,1,Y
IDCJAC0010,66214,2022,4,27,19.3,1,Y
IDCJAC0010,66214,2022,4,28,22.3,1,Y
IDCJAC0010,66214,2022,4,29,26.8,1,Y
IDCJAC0010,66214,2022,4,30,20.7,1,Y
IDCJAC0010,66214,2022,5,1,23.8,1,Y
IDCJAC0010,66214,2022,5,2,22.8,1,Y
IDCJAC0010,66214,2022,5,3,24,1,Y
IDCJAC0010,66214,2022,5,4,26.8,1,Y
IDCJAC0010,66214,2022,5,5,23.3,1,Y
IDCJAC0010,66214,2022,5,6,21.5,1,Y
IDCJAC0010,66214,2022,5,7,20.3,1,Y
IDCJAC0010,66214,2022,5,8,21.5,1,Y
IDCJAC0010,66214,2022,5,9,18.1,1,Y
IDCJAC0010,66214,2022,5,10,21.3,1,Y
IDCJAC0010,66214,2022,5,11,19.3,1,Y
IDCJAC0010,66214,2022,5,12,20.6,1,Y
IDCJAC0010,66214,2022,5,13,21.1,1,Y
IDCJAC0010,66214,2022,5,14,24.1,1,Y
IDCJAC0010,66214,2022,5,15,24.7,1,Y
IDCJAC0010,66214,2022,5,16,25.2,1,Y
IDCJAC0010,66214,2022,5,17,22.9,1,Y
IDCJAC0010,66214,2022,5,18,20.7,1,Y
IDCJAC0010,66214,2022,5,19,20.1,1,Y
IDCJAC0010,66214,2022,5,20,14.9,1,Y
IDCJAC0010,66214,2022,5,21,18.4,1,Y
IDCJAC0010,66214,2022,5,22,18.4,1,Y
IDCJAC0010,66214,2022,5,23,16,1,Y
IDCJAC0010,66214,2022,5,24,18.6,1,Y
IDCJAC0010,66214,2022,5,25,20.6,1,Y
IDCJAC0010,66214,2022,5,26,20.5,1,Y
IDCJAC0010,66214,2022,5,27,21.4,1,Y
IDCJAC0010,66214,2022,5,28,21.7,1,Y
IDCJAC0010,66214,2022,5,29,18.1,1,Y
IDCJAC0010,66214,2022,5,30,15.9,1,Y
IDCJAC0010,66214,2022,5,31,17.9,1,Y
IDCJAC0010,66214,2022,6,1,15,1,Y
IDCJAC0010,66214,2022,6,2,18.1,1,Y
IDCJAC0010,66214,2022,6,3,16.5,1,Y
IDCJAC0010,66214,2022,6,4,18.4,1,Y
IDCJAC0010,66214,2022,6,5,17.7,1,Y
IDCJAC0010,66214,2022,6,6,17.4,1,Y
IDCJAC0010,66214,2022,6,7,17.5,1,Y
IDCJAC0010,66214,2022,6,8,15.8,1,Y
IDCJAC0010,66214,2022,6,9,16.9,1,Y
IDCJAC0010,66214,2022,6,10,17.7,1,Y
IDCJAC0010,66214,2022,6,11,17.9,1,Y
IDCJAC0010,66214,2022,6,12,17.7,1,Y
IDCJAC0010,66214,2022,6,13,19.1,1,Y
IDCJAC0010,66214,2022,6,14,18.8,1,Y
IDCJAC0010,66214,2022,6,15,21.1,1,Y
IDCJAC0010,66214,2022,6,16,21.6,1,Y
IDCJAC0010,66214,2022,6,17,19.1,1,Y
IDCJAC0010,66214,2022,6,18,17.9,1,Y
IDCJAC0010,66214,2022,6,19,18.8,1,Y
IDCJAC0010,66214,2022,6,20,,,
IDCJAC0010,66214,2022,6,21,21.8,1,Y
IDCJAC0010,66214,2022,6,22,19.3,1,Y
IDCJAC0010,66214,2022,6,23,19.3,1,Y
IDCJAC0010,66214,2022,6,24,18.8,1,Y
IDCJAC0010,66214,2022,6,25,21.2,1,Y
IDCJAC0010,66214,2022,6,26,20.8,1,Y
IDCJAC0010,66214,2022,6,27,16,1,Y
IDCJAC0010,66214,2022,6,28,15.7,1,Y
IDCJAC0010,66214,2022,6,29,17.9,1,Y
IDCJAC0010,66214,2022,6,30,16.9,1,Y
IDCJAC0010,66214,2022,7,1,12,1,Y
IDCJAC0010,66214,2022,7,2,15.8,1,Y
IDCJAC0010,66214,2022,7,3,16.7,1,Y
IDCJAC0010,66214,2022,7,4,18.7,1,Y
IDCJAC0010,66214,2022,7,5,16.1,1,Y
IDCJAC0010,66214,2022,7,6,15.6,1,Y
IDCJAC0010,66214,2022,7,7,18.2,1,Y
IDCJAC0010,66214,2022,7,8,15.9,1,Y
IDCJAC0010,66214,2022,7,9,17.7,1,Y
IDCJAC0010,66214,2022,7,10,16.3,1,Y
IDCJAC0010,66214,2022,7,11,14.9,1,Y
IDCJAC0010,66214,2022,7,12,17.9,1,Y
IDCJAC0010,66214,2022,7,13,14.8,1,Y
IDCJAC0010,66214,2022,7,14,14.7,1,Y
IDCJAC0010,66214,2022,7,15,18.1,1,Y
IDCJAC0010,66214,2022,7,16,16.2,1,Y
IDCJAC0010,66214,2022,7,17,21.3,1,Y
IDCJAC0010,66214,2022,7,18,16.1,1,Y
IDCJAC0010,66214,2022,7,19,13,1,Y
IDCJAC0010,66214,2022,7,20,15.3,1,Y
IDCJAC0010,66214,2022,7,21,16.1,1,Y
IDCJAC0010,66214,2022,7,22,17.7,1,Y
IDCJAC0010,66214,2022,7,23,16.6,1,Y
IDCJAC0010,66214,2022,7,24,20,1,Y
IDCJAC0010,66214,2022,7,25,18.6,1,Y
IDCJAC0010,66214,2022,7,26,19.7,1,Y
IDCJAC0010,66214,2022,7,27,19.6,1,Y
IDCJAC0010,66214,2022,7,28,21.2,1,Y
IDCJAC0010,66214,2022,7,29,16.4,1,Y
IDCJAC0010,66214,2022,7,30,18.3,1,Y
IDCJAC0010,66214,2022,7,31,18.1,1,Y
IDCJAC0010,66214,2022,8,1,21.5,1,Y
IDCJAC0010,66214,2022,8,2,21.2,1,Y
IDCJAC0010,66214,2022,8,3,24.7,1,Y
IDCJAC0010,66214,2022,8,4,21.3,1,Y
IDCJAC0010,66214,2022,8,5,23.2,1,Y
IDCJAC0010,66214,2022,8,6,20.8,1,Y
IDCJAC0010,66214,2022,8,7,17.2,1,Y
IDCJAC0010,66214,2022,8,8,17.5,1,Y
IDCJAC0010,66214,2022,8,9,16.9,1,Y
IDCJAC0010,66214,2022,8,10,17.3,1,Y
IDCJAC0010,66214,2022,8,11,17.2,1,Y
IDCJAC0010,66214,2022,8,12,16.4,1,Y
IDCJAC0010,66214,2022,8,13,20,1,Y
IDCJAC0010,66214,2022,8,14,18.3,1,Y
IDCJAC0010,66214,2022,8,15,18.8,1,Y
IDCJAC0010,66214,2022,8,16,20.4,1,Y
IDCJAC0010,66214,2022,8,17,20.5,1,Y
IDCJAC0010,66214,2022,8,18,21.8,1,Y
IDCJAC0010,66214,2022,8,19,20.4,1,Y
IDCJAC0010,66214,2022,8,20,18.9,1,Y
IDCJAC0010,66214,2022,8,21,20.4,1,Y
IDCJAC0010,66214,2022,8,22,22.1,1,Y
IDCJAC0010,66214,2022,8,23,23.2,1,Y
IDCJAC0010,66214,2022,8,24,16.8,1,Y
IDCJAC0010,66214,2022,8,25,18.5,1,Y
IDCJAC0010,66214,2022,8,26,16.6,1,Y
IDCJAC0010,66214,2022,8,27,18.2,1,Y
IDCJAC0010,66214,2022,8,28,20.4,1,Y
IDCJAC0010,66214,2022,8,29,19.4,1,Y
IDCJAC0010,66214,2022,8,30,24,1,Y
IDCJAC0010,66214,2022,8,31,20.4,1,Y
IDCJAC0010,66214,2022,9,1,20,1,Y
IDCJAC0010,66214,2022,9,2,16.8,1,Y
IDCJAC0010,66214,2022,9,3,16.3,1,Y
IDCJAC0010,66214,2022,9,4,18.3,1,Y
IDCJAC0010,66214,2022,9,5,17.8,1,Y
IDCJAC0010,66214,2022,9,6,17.8,1,Y
IDCJAC0010,66214,2022,9,7,20,1,Y
IDCJAC0010,66214,2022,9,8,21,1,Y
IDCJAC0010,66214,2022,9,9,21.4,1,Y
IDCJAC0010,66214,2022,9,10,24,1,Y
IDCJAC0010,66214,2022,9,11,22.6,1,Y
IDCJAC0010,66214,2022,9,12,21.5,1,Y
IDCJAC0010,66214,2022,9,13,17.3,1,Y
IDCJAC0010,66214,2022,9,14,20.3,1,Y
IDCJAC0010,66214,2022,9,15,18.3,1,Y
IDCJAC0010,66214,2022,9,16,24.8,1,Y
IDCJAC0010,66214,2022,9,17,23.2,1,Y
IDCJAC0010,66214,2022,9,18,23.3,1,Y
IDCJAC0010,66214,2022,9,19,23.9,1,Y
IDCJAC0010,66214,2022,9,20,21.5,1,Y
IDCJAC0010,66214,2022,9,21,20.4,1,Y
IDCJAC0010,66214,2022,9,22,19.3,1,Y
IDCJAC0010,66214,2022,9,23,19.9,1,Y
IDCJAC0010,66214,2022,9,24,19.1,1,Y
IDCJAC0010,66214,2022,9,25,23.1,1,Y
IDCJAC0010,66214,2022,9,26,20.7,1,Y
IDCJAC0010,66214,2022,9,27,22.8,1,Y
IDCJAC0010,66214,2022,9,28,23.9,1,Y
IDCJAC0010,66214,2022,9,29,20.1,1,Y
IDCJAC0010,66214,2022,9,30,19,1,Y
IDCJAC0010,66214,2022,10,1,19.9,1,Y
IDCJAC0010,66214,2022,10,2,19.5,1,Y
IDCJAC0010,66214,2022,10,3,20.9,1,Y
IDCJAC0010,66214,2022,10,4,21.5,1,Y
IDCJAC0010,66214,2022,10,5,16.9,1,Y
IDCJAC0010,66214,2022,10,6,16.7,1,Y
IDCJAC0010,66214,2022,10,7,21.5,1,Y
IDCJAC0010,66214,2022,10,8,23.1,1,Y
IDCJAC0010,66214,2022,10,9,17.4,1,Y
IDCJAC0010,66214,2022,10,10,18.4,1,Y
IDCJAC0010,66214,2022,10,11,21,1,Y
IDCJAC0010,66214,2022,10,12,20.1,1,Y
IDCJAC0010,66214,2022,10,13,21.6,1,Y
IDCJAC0010,66214,2022,10,14,25.6,1,Y
IDCJAC0010,66214,2022,10,15,23.6,1,Y
IDCJAC0010,66214,2022,10,16,23.1,1,Y
IDCJAC0010,66214,2022,10,17,19.2,1,Y
IDCJAC0010,66214,2022,10,18,21.3,1,Y
IDCJAC0010,66214,2022,10,19,25.3,1,Y
IDCJAC0010,66214,2022,10,20,23.1,1,Y
IDCJAC0010,66214,2022,10,21,23.3,1,Y
IDCJAC0010,66214,2022,10,22,24.3,1,Y
IDCJAC0010,66214,2022,10,23,22.3,1,Y
IDCJAC0010,66214,2022,10,24,21.1,1,Y
IDCJAC0010,66214,2022,10,25,27.3,1,Y
IDCJAC0010,66214,2022,10,26,29,1,Y
IDCJAC0010,66214,2022,10,27,28.2,1,Y
IDCJAC0010,66214,2022,10,28,25.9,1,Y
IDCJAC0010,66214,2022,10,29,27.5,1,Y
IDCJAC0010,66214,2022,10,30,23.6,1,Y
IDCJAC0010,66214,2022,10,31,27.6,1,Y
IDCJAC0010,66214,2022,11,1,24,1,Y
IDCJAC0010,66214,2022,11,2,20.5,1,Y
IDCJAC0010,66214,2022,11,3,22,1,Y
IDCJAC0010,66214,2022,11,4,23.1,1,Y
IDCJAC0010,66214,2022,11,5,23.6,1,Y
IDCJAC0010,66214,2022,11,6,24,1,Y
IDCJAC0010,66214,2022,11,7,24.2,1,Y
IDCJAC0010,66214,2022,11,8,24.2,1,Y
IDCJAC0010,66214,2022,11,9,24.2,1,Y
IDCJAC0010,66214,2022,11,10,24.4,1,Y
IDCJAC0010,66214,2022,11,11,24.9,1,Y
IDCJAC0010,66214,2022,11,12,27.9,1,Y
IDCJAC0010,66214,2022,11,13,25.6,1,Y
IDCJAC0010,66214,2022,11,14,27.9,1,Y
IDCJAC0010,66214,2022,11,15,24.9,1,Y
IDCJAC0010,66214,2022,11,16,21.6,1,Y
IDCJAC0010,66214,2022,11,17,20.3,1,Y
IDCJAC0010,66214,2022,11,18,22.2,1,Y
IDCJAC0010,66214,2022,11,19,23.9,1,Y
IDCJAC0010,66214,2022,11,20,27.4,1,Y
IDCJAC0010,66214,2022,11,21,24.5,1,Y
IDCJAC0010,66214,2022,11,22,24,1,Y
IDCJAC0010,66214,2022,11,23,28.3,1,Y
IDCJAC0010,66214,2022,11,24,25.4,1,Y
IDCJAC0010,66214,2022,11,25,24.1,1,Y
IDCJAC0010,66214,2022,11,26,23.3,1,Y
IDCJAC0010,66214,2022,11,27,26.8,1,Y
IDCJAC0010,66214,2022,11,28,23.8,1,Y
IDCJAC0010,66214,2022,11,29,25.4,1,Y
IDCJAC0010,66214,2022,11,30,22.9,1,Y
IDCJAC0010,66214,2022,12,1,22.5,1,Y
IDCJAC0010,66214,2022,12,2,25.3,1,Y
IDCJAC0010,66214,2022,12,3,24.4,1,Y
IDCJAC0010,66214,2022,12,4,26,1,Y
IDCJAC0010,66214,2022,12,5,27.9,1,Y
IDCJAC0010,66214,2022,12,6,24.2,1,Y
IDCJAC0010,66214,2022,12,7,25.4,1,Y
IDCJAC0010,66214,2022,12,8,22.9,1,Y
IDCJAC0010,66214,2022,12,9,22.1,1,Y
IDCJAC0010,66214,2022,12,10,24.4,1,Y
IDCJAC0010,66214,2022,12,11,28.6,1,Y
IDCJAC0010,66214,2022,12,12,29.6,1,Y
IDCJAC0010,66214,2022,12,13,25.7,1,Y
IDCJAC0010,66214,2022,12,14,25.3,1,Y
IDCJAC0010,66214,2022,12,15,24,1,Y
IDCJAC0010,66214,2022,12,16,21.8,1,Y
IDCJAC0010,66214,2022,12,17,20.6,1,Y
IDCJAC0010,66214,2022,12,18,20.8,1,Y
IDCJAC0010,66214,2022,12,19,21.4,1,Y
IDCJAC0010,66214,2022,12,20,23.4,1,Y
IDCJAC0010,66214,2022,12,21,23.5,1,Y
IDCJAC0010,66214,2022,12,22,23.5,1,Y
IDCJAC0010,66214,2022,12,23,28.9,1,Y
IDCJAC0010,66214,2022,12,24,29.7,1,Y
IDCJAC0010,66214,2022,12,25,27.4,1,Y
IDCJAC0010,66214,2022,12,26,28.4,1,Y
IDCJAC0010,66214,2022,12,27,28.1,1,Y
IDCJAC0010,66214,2022,12,28,27.8,1,Y
IDCJAC0010,66214,2022,12,29,22.8,1,Y
IDCJAC0010,66214,2022,12,30,24.9,1,Y
IDCJAC0010,66214,2022,12,31,25.8,1,Y
IDCJAC0010,66214,2023,1,1,27.4,1,Y
IDCJAC0010,66214,2023,1,2,28.1,1,Y
IDCJAC0010,66214,2023,1,3,27.8,1,Y
IDCJAC0010,66214,2023,1,4,25.8,1,Y
IDCJAC0010,66214,2023,1,5,23.2,1,Y
IDCJAC0010,66214,2023,1,6,20.6,1,Y
IDCJAC0010,66214,2023,1,7,22.8,1,Y
IDCJAC0010,66214,2023,1,8,25.2,1,Y
IDCJAC0010,66214,2023,1,9,27.3,1,Y
IDCJAC0010,66214,2023,1,10,26.6,1,Y
IDCJAC0010,66214,2023,1,11,27,1,Y
IDCJAC0010,66214,2023,1,12,27.1,1,Y
IDCJAC0010,66214,2023,1,13,27.3,1,Y
IDCJAC0010,66214,2023,1,14,26.9,1,Y
IDCJAC0010,66214,2023,1,15,28.6,1,Y
IDCJAC0010,66214,2023,1,16,29.2,1,Y
IDCJAC0010,66214,2023,1,17,28.6,1,Y
IDCJAC0010,66214,2023,1,18,30.2,1,Y
IDCJAC0010,66214,2023,1,19,20.3,1,Y
IDCJAC0010,66214,2023,1,20,22,1,Y
IDCJAC0010,66214,2023,1,21,25.5,1,Y
IDCJAC0010,66214,2023,1,22,21.7,1,Y
IDCJAC0010,66214,2023,1,23,27,1,Y
IDCJAC0010,66214,2023,1,24,27.9,1,Y
IDCJAC0010,66214,2023,1,25,28.4,1,Y
IDCJAC0010,66214,2023,1,26,29.5,1,Y
IDCJAC0010,66214,2023,1,27,28.3,1,Y
IDCJAC0010,66214,2023,1,28,29.5,1,Y
IDCJAC0010,66214,2023,1,29,29.7,1,Y
IDCJAC0010,66214,2023,1,30,30,1,Y
IDCJAC0010,66214,2023,1,31,27.6,1,Y
IDCJAC0010,66214,2023,2,1,28.7,1,Y
IDCJAC0010,66214,2023,2,2,29.1,1,Y
IDCJAC0010,66214,2023,2,3,30.6,1,Y
IDCJAC0010,66214,2023,2,4,28.9,1,Y
IDCJAC0010,66214,2023,2,5,28,1,Y
IDCJAC0010,66214,2023,2,6,28.4,1,Y
IDCJAC0010,66214,2023,2,7,28.7,1,Y
IDCJAC0010,66214,2023,2,8,28.2,1,Y
IDCJAC0010,66214,2023,2,9,23.4,1,Y
IDCJAC0010,66214,2023,2,10,28,1,Y
IDCJAC0010,66214,2023,2,11,30.4,1,Y
IDCJAC0010,66214,2023,2,12,27.3,1,Y
IDCJAC0010,66214,2023,2,13,25.5,1,Y
IDCJAC0010,66214,2023,2,14,21.2,1,Y
IDCJAC0010,66214,2023,2,15,26.9,1,Y
IDCJAC0010,66214,2023,2,16,28.3,1,Y
IDCJAC0010,66214,2023,2,17,28.3,1,Y
IDCJAC0010,66214,2023,2,18,30,1,Y
IDCJAC0010,66214,2023,2,19,28.7,1,Y
IDCJAC0010,66214,2023,2,20,29.4,1,Y
IDCJAC0010,66214,2023,2,21,28.4,1,Y
IDCJAC0010,66214,2023,2,22,21.6,1,Y
IDCJAC0010,66214,2023,2,23,24.4,1,Y
IDCJAC0010,66214,2023,2,24,26.8,1,Y
IDCJAC0010,66214,2023,2,25,26.9,1,Y
IDCJAC0010,66214,2023,2,26,29.4,1,Y
IDCJAC0010,66214,2023,2,27,26.2,1,Y
IDCJAC0010,66214,2023,2,28,27.7,1,Y
IDCJAC0010,66214,2023,3,1,28.1,1,Y
IDCJAC0010,66214,2023,3,2,27.1,1,Y
IDCJAC0010,66214,2023,3,3,25.2,1,Y
IDCJAC0010,66214,2023,3,4,28.1,1,Y
IDCJAC0010,66214,2023,3,5,28.1,1,Y
IDCJAC0010,66214,2023,3,6,37.9,1,Y
IDCJAC0010,66214,2023,3,7,34,1,Y
IDCJAC0010,66214,2023,3,8,30,1,Y
IDCJAC0010,66214,2023,3,9,28.4,1,Y
IDCJAC0010,66214,2023,3,10,27.4,1,Y
IDCJAC0010,66214,2023,3,11,28.6,1,Y
IDCJAC0010,66214,2023,3,12,27,1,Y
IDCJAC0010,66214,2023,3,13,24.9,1,Y
IDCJAC0010,66214,2023,3,14,23.8,1,Y
IDCJAC0010,66214,2023,3,15,28.5,1,Y
IDCJAC0010,66214,2023,3,16,36.2,1,Y
IDCJAC0010,66214,2023,3,17,31.6,1,Y
IDCJAC0010,66214,2023,3,18,29.1,1,Y
IDCJAC0010,66214,2023,3,19,28.9,1,Y
IDCJAC0010,66214,2023,3,20,23.6,1,Y
IDCJAC0010,66214,2023,3,21,22.9,1,Y
IDCJAC0010,66214,2023,3,22,24.2,1,Y
IDCJAC0010,66214,2023,3,23,27.3,1,Y
IDCJAC0010,66214,2023,3,24,25.5,1,Y
IDCJAC0010,66214,2023,3,25,24.6,1,Y
IDCJAC0010,66214,2023,3,26,26.1,1,Y
IDCJAC0010,66214,2023,3,27,24.6,1,Y
IDCJAC0010,66214,2023,3,28,24.8,1,Y
IDCJAC0010,66214,2023,3,29,27.1,1,Y
IDCJAC0010,66214,2023,3,30,25.7,1,Y
IDCJAC0010,66214,2023,3,31,25.7,1,Y
IDCJAC0010,66214,2023,4,1,20.3,1,Y
IDCJAC0010,66214,2023,4,2,20.3,1,Y
IDCJAC0010,66214,2023,4,3,23.8,1,Y
IDCJAC0010,66214,2023,4,4,26.3,1,Y
IDCJAC0010,66214,2023,4,5,25.4,1,Y
IDCJAC0010,66214,2023,4,6,23,1,Y
IDCJAC0010,66214,2023,4,7,24.8,1,Y
IDCJAC0010,66214,2023,4,8,24.6,1,Y
IDCJAC0010,66214,2023,4,9,21.8,1,Y
IDCJAC0010,66214,2023,4,10,22.1,1,Y
IDCJAC0010,66214,2023,4,11,22.4,1,Y
IDCJAC0010,66214,2023,4,12,22,1,Y
IDCJAC0010,66214,2023,4,13,22.8,1,Y
IDCJAC0010,66214,2023,4,14,22.2,1,Y
IDCJAC0010,66214,2023,4,15,25.6,1,Y
IDCJAC0010,66214,2023,4,16,25.1,1,Y
IDCJAC0010,66214,2023,4,17,22.7,1,Y
IDCJAC0010,66214,2023,4,18,23.7,1,Y
IDCJAC0010,66214,2023,4,19,25.5,1,Y
IDCJAC0010,66214,2023,4,20,19.8,1,Y
IDCJAC0010,66214,2023,4,21,21.6,1,Y
IDCJAC0010,66214,2023,4,22,20,1,Y
IDCJAC0010,66214,2023,4,23,23.7,1,Y
IDCJAC0010,66214,2023,4,24,23.1,1,Y
IDCJAC0010,66214,2023,4,25,23.7,1,Y
IDCJAC0010,66214,2023,4,26,21.7,1,Y
IDCJAC0010,66214,2023,4,27,25.2,1,Y
IDCJAC0010,66214,2023,4,28,27.5,1,Y
IDCJAC0010,66214,2023,4,29,18.6,1,Y
IDCJAC0010,66214,2023,4,30,21.1,1,Y
IDCJAC0010,66214,2023,5,1,21.3,1,Y
IDCJAC0010,66214,2023,5,2,22.9,1,Y
IDCJAC0010,66214,2023,5,3,23.7,1,Y
IDCJAC0010,66214,2023,5,4,20.8,1,Y
IDCJAC0010,66214,2023,5,5,22,1,Y
IDCJAC0010,66214,2023,5,6,22.5,1,Y
IDCJAC0010,66214,2023,5,7,15.9,1,Y
IDCJAC0010,66214,2023,5,8,16.3,1,Y
IDCJAC0010,66214,2023,5,9,19.2,1,Y
IDCJAC0010,66214,2023,5,10,19.8,1,Y
IDCJAC0010,66214,2023,5,11,21.7,1,Y
IDCJAC0010,66214,2023,5,12,22.7,1,Y
IDCJAC0010,66214,2023,5,13,20.9,1,Y
IDCJAC0010,66214,2023,5,14,20,1,Y
IDCJAC0010,66214,2023,5,15,20.9,1,Y
IDCJAC0010,66214,2023,5,16,21.8,1,Y
IDCJAC0010,66214,2023,5,17,17.8,1,Y
IDCJAC0010,66214,2023,5,18,17.1,1,Y
IDCJAC0010,66214,2023,5,19,19.8,1,Y
IDCJAC0010,66214,2023,5,20,19.3,1,Y
IDCJAC0010,66214,2023,5,21,19.4,1,Y
IDCJAC0010,66214,2023,5,22,20.4,1,Y
IDCJAC0010,66214,2023,5,23,19.7,1,Y
IDCJAC0010,66214,2023,5,24,20.1,1,Y
IDCJAC0010,66214,2023,5,25,20,1,Y
IDCJAC0010,66214,2023,5,26,17.5,1,Y
IDCJAC0010,66214,2023,5,27,19.2,1,Y
IDCJAC0010,66214,2023,5,28,17.3,1,Y
IDCJAC0010,66214,2023,5,29,21.2,1,Y
IDCJAC0010,66214,2023,5,30,21.6,1,Y
IDCJAC0010,66214,2023,5,31,20.8,1,Y
IDCJAC0010,66214,2023,6,1,19.3,1,Y
IDCJAC0010,66214,2023,6,2,19.8,1,Y
IDCJAC0010,66214,2023,6,3,22,1,Y
IDCJAC0010,66214,2023,6,4,18.4,1,Y
IDCJAC0010,66214,2023,6,5,18.7,1,Y
IDCJAC0010,66214,2023,6,6,19.2,1,Y
IDCJAC0010,66214,2023,6,7,20.7,1,Y
IDCJAC0010,66214,2023,6,8,17.8,1,Y
IDCJAC0010,66214,2023,6,9,20.6,1,Y
IDCJAC0010,66214,2023,6,10,19,1,Y
IDCJAC0010,66214,2023,6,11,18.3,1,Y
IDCJAC0010,66214,2023,6,12,19.3,1,Y
IDCJAC0010,66214,2023,6,13,20.6,1,Y
IDCJAC0010,66214,2023,6,14,18.6,1,Y
IDCJAC0010,66214,2023,6,15,18.8,1,Y
IDCJAC0010,66214,2023,6,16,19,1,Y
IDCJAC0010,66214,2023,6,17,18.4,1,Y
IDCJAC0010,66214,2023,6,18,19.3,1,Y
IDCJAC0010,66214,2023,6,19,17.7,1,Y
IDCJAC0010,66214,2023,6,20,15.3,1,Y
IDCJAC0010,66214,2023,6,21,17.3,1,Y
IDCJAC0010,66214,2023,6,22,15.2,1,Y
IDCJAC0010,66214,2023,6,23,18.9,1,Y
IDCJAC0010,66214,2023,6,24,20.2,1,Y
IDCJAC0010,66214,2023,6,25,20.3,1,Y
IDCJAC0010,66214,2023,6,26,19.5,1,Y
IDCJAC0010,66214,2023,6,27,18.4,1,Y
IDCJAC0010,66214,2023,6,28,11.7,1,Y
IDCJAC0010,66214,2023,6,29,16.3,1,Y
IDCJAC0010,66214,2023,6,30,18.9,1,Y
IDCJAC0010,66214,2023,7,1,18.6,1,Y
IDCJAC0010,66214,2023,7,2,17.8,1,Y
IDCJAC0010,66214,2023,7,3,18.3,1,Y
IDCJAC0010,66214,2023,7,4,15.9,1,Y
IDCJAC0010,66214,2023,7,5,21.6,1,Y
IDCJAC0010,66214,2023,7,6,17.6,1,Y
IDCJAC0010,66214,2023,7,7,18.9,1,Y
IDCJAC0010,66214,2023,7,8,19.7,1,Y
IDCJAC0010,66214,2023,7,9,19,1,Y
IDCJAC0010,66214,2023,7,10,19.9,1,Y
IDCJAC0010,66214,2023,7,11,20.3,1,Y
IDCJAC0010,66214,2023,7,12,19.6,1,Y
IDCJAC0010,66214,2023,7,13,21.9,1,Y
IDCJAC0010,66214,2023,7,14,23.3,1,Y
IDCJAC0010,66214,2023,7,15,23.6,1,Y
IDCJAC0010,66214,2023,7,16,18.1,1,Y
IDCJAC0010,66214,2023,7,17,18.2,1,Y
IDCJAC0010,66214,2023,7,18,21.9,1,Y
IDCJAC0010,66214,2023,7,19,16,1,Y
IDCJAC0010,66214,2023,7,20,19.5,1,Y
IDCJAC0010,66214,2023,7,21,20.1,1,Y
IDCJAC0010,66214,2023,7,22,17,1,Y
IDCJAC0010,66214,2023,7,23,17.7,1,Y
IDCJAC0010,66214,2023,7,24,17.1,1,Y
IDCJAC0010,66214,2023,7,25,19.7,1,Y
IDCJAC0010,66214,2023,7,26,20.7,1,Y
IDCJAC0010,66214,2023,7,27,19.5,1,Y
IDCJAC0010,66214,2023,7,28,24.4,1,Y
IDCJAC0010,66214,2023,7,29,22.6,1,Y
IDCJAC0010,66214,2023,7,30,25.2,1,Y
IDCJAC0010,66214,2023,7,31,23.5,1,Y
IDCJAC0010,66214,2023,8,1,21.9,1,Y
IDCJAC0010,66214,2023,8,2,18.9,1,Y
IDCJAC0010,66214,2023,8,3,21.7,1,Y
IDCJAC0010,66214,2023,8,4,20.7,1,Y
IDCJAC0010,66214,2023,8,5,16.4,1,Y
IDCJAC0010,66214,2023,8,6,17,1,Y
IDCJAC0010,66214,2023,8,7,16.3,1,Y
IDCJAC0010,66214,2023,8,8,19.2,1,Y
IDCJAC0010,66214,2023,8,9,20.9,1,Y
IDCJAC0010,66214,2023,8,10,23.8,1,Y
IDCJAC0010,66214,2023,8,11,19.7,1,Y
IDCJAC0010,66214,2023,8,12,21.3,1,Y
IDCJAC0010,66214,2023,8,13,18.5,1,Y
IDCJAC0010,66214,2023,8,14,16,1,Y
IDCJAC0010,66214,2023,8,15,16.7,1,Y
IDCJAC0010,66214,2023,8,16,17.3,1,Y
IDCJAC0010,66214,2023,8,17,21.3,1,Y
IDCJAC0010,66214,2023,8,18,19.2,1,Y
IDCJAC0010,66214,2023,8,19,19.1,1,Y
IDCJAC0010,66214,2023,8,20,22.5,1,Y
IDCJAC0010,66214,2023,8,21,21.6,1,Y
IDCJAC0010,66214,2023,8,22,24.6,1,Y
IDCJAC0010,66214,2023,8,23,18.6,1,Y
IDCJAC0010,66214,2023,8,24,20.8,1,Y
IDCJAC0010,66214,2023,8,25,,,
IDCJAC0010,66214,2023,8,26,20.2,1,Y
IDCJAC0010,66214,2023,8,27,20.5,1,Y
IDCJAC0010,66214,2023,8,28,20.4,1,Y
IDCJAC0010,66214,2023,8,29,20.9,1,Y
IDCJAC0010,66214,2023,8,30,27.5,1,Y
IDCJAC0010,66214,2023,8,31,20.5,1,Y
IDCJAC0010,66214,2023,9,1,18.5,1,Y
IDCJAC0010,66214,2023,9,2,18.7,1,Y
IDCJAC0010,66214,2023,9,3,21,1,Y
IDCJAC0010,66214,2023,9,4,20.6,1,Y
IDCJAC0010,66214,2023,9,5,25.5,1,Y
IDCJAC0010,66214,2023,9,6,21,1,Y
IDCJAC0010,66214,2023,9,7,25.3,1,Y
IDCJAC0010,66214,2023,9,8,19.1,1,Y
IDCJAC0010,66214,2023,9,9,19.7,1,Y
IDCJAC0010,66214,2023,9,10,19.8,1,Y
IDCJAC0010,66214,2023,9,11,20.8,1,Y
IDCJAC0010,66214,2023,9,12,21.2,1,Y
IDCJAC0010,66214,2023,9,13,23.3,1,Y
IDCJAC0010,66214,2023,9,14,23.1,1,Y
IDCJAC0010,66214,2023,9,15,23.9,1,Y
IDCJAC0010,66214,2023,9,16,31.8,1,Y
IDCJAC0010,66214,2023,9,17,32.8,1,Y
IDCJAC0010,66214,2023,9,18,29.8,1,Y
IDCJAC0010,66214,2023,9,19,34.6,1,Y
IDCJAC0010,66214,2023,9,20,33.9,1,Y
IDCJAC0010,66214,2023,9,21,23,1,Y
IDCJAC0010,66214,2023,9,22,19.4,1,Y
IDCJAC0010,66214,2023,9,23,20.9,1,Y
IDCJAC0010,66214,2023,9,24,21.2,1,Y
IDCJAC0010,66214,2023,9,25,23.3,1,Y
IDCJAC0010,66214,2023,9,26,21.6,1,Y
IDCJAC0010,66214,2023,9,27,24,1,Y
IDCJAC0010,66214,2023,9,28,21.5,1,Y
IDCJAC0010,66214,2023,9,29,25.8,1,Y
IDCJAC0010,66214,2023,9,30,25,1,Y
IDCJAC0010,66214,2023,10,1,35.6,1,Y
IDCJAC0010,66214,2023,10,2,23.4,1,Y
IDCJAC0010,66214,2023,10,3,35.7,1,Y
IDCJAC0010,66214,2023,10,4,27.9,1,Y
IDCJAC0010,66214,2023,10,5,23.1,1,Y
IDCJAC0010,66214,2023,10,6,22.9,1,Y
IDCJAC0010,66214,2023,10,7,20.1,1,Y
IDCJAC0010,66214,2023,10,8,22.9,1,Y
IDCJAC0010,66214,2023,10,9,23.2,1,Y
IDCJAC0010,66214,2023,10,10,23.6,1,Y
IDCJAC0010,66214,2023,10,11,24.3,1,Y
IDCJAC0010,66214,2023,10,12,33.2,1,Y
IDCJAC0010,66214,2023,10,13,24.7,1,Y
IDCJAC0010,66214,2023,10,14,30.1,1,Y
IDCJAC0010,66214,2023,10,15,24.6,1,Y
IDCJAC0010,66214,2023,10,16,26.5,1,Y
IDCJAC0010,66214,2023,10,17,,,
IDCJAC0010,66214,2023,10,18,22.3,1,Y
IDCJAC0010,66214,2023,10,19,23.9,1,Y
IDCJAC0010,66214,2023,10,20,25.6,1,Y
IDCJAC0010,66214,2023,10,21,25.7,1,Y
IDCJAC0010,66214,2023,10,22,28.7,1,Y
IDCJAC0010,66214,2023,10,23,27.1,1,Y
IDCJAC0010,66214,2023,10,24,26.2,1,Y
IDCJAC0010,66214,2023,10,25,24.6,1,Y
IDCJAC0010,66214,2023,10,26,16.4,1,Y
IDCJAC0010,66214,2023,10,27,19.4,1,Y
IDCJAC0010,66214,2023,10,28,22.6,1,Y
IDCJAC0010,66214,2023,10,29,25.1,1,Y
IDCJAC0010,66214,2023,10,30,31.3,1,Y
IDCJAC0010,66214,2023,10,31,29.8,1,Y
IDCJAC0010,66214,2023,11,1,22.3,1,Y
IDCJAC0010,66214,2023,11,2,23.1,1,Y
IDCJAC0010,66214,2023,11,3,24.5,1,Y
IDCJAC0010,66214,2023,11,4,22.3,1,Y
IDCJAC0010,66214,2023,11,5,20.2,1,Y
IDCJAC0010,66214,2023,11,6,22,1,Y
IDCJAC0010,66214,2023,11,7,24.2,1,Y
IDCJAC0010,66214,2023,11,8,25.9,1,Y
IDCJAC0010,66214,2023,11,9,25.5,1,Y
IDCJAC0010,66214,2023,11,10,25.1,1,Y
IDCJAC0010,66214,2023,11,11,27.1,1,Y
IDCJAC0010,66214,2023,11,12,26.3,1,Y
IDCJAC0010,66214,2023,11,13,23.2,1,Y
IDCJAC0010,66214,2023,11,14,25.2,1,Y
IDCJAC0010,66214,2023,11,15,26.2,1,Y
IDCJAC0010,66214,2023,11,16,27.1,1,Y
IDCJAC0010,66214,2023,11,17,22.8,1,Y
IDCJAC0010,66214,2023,11,18,24.4,1,Y
IDCJAC0010,66214,2023,11,19,26.1,1,Y
IDCJAC0010,66214,2023,11,20,24.8,1,Y
IDCJAC0010,66214,2023,11,21,25.8,1,Y
IDCJAC0010,66214,2023,11,22,26.6,1,Y
IDCJAC0010,66214,2023,11,23,24.7,1,Y
IDCJAC0010,66214,2023,11,24,23.6,1,Y
IDCJAC0010,66214,2023,11,25,23.3,1,Y
IDCJAC0010,66214,2023,11,26,32,1,Y
IDCJAC0010,66214,2023,11,27,26.8,1,Y
IDCJAC0010,66214,2023,11,28,21.3,1,Y
IDCJAC0010,66214,2023,11,29,25.7,1,Y
IDCJAC0010,66214,2023,11,30,27.3,1,Y
IDCJAC0010,66214,2023,12,1,26.6,1,Y
IDCJAC0010,66214,2023,12,2,27.2,1,Y
IDCJAC0010,66214,2023,12,3,26.7,1,Y
IDCJAC0010,66214,2023,12,4,26.2,1,Y
IDCJAC0010,66214,2023,12,5,28.5,1,Y
IDCJAC0010,66214,2023,12,6,26.8,1,Y
IDCJAC0010,66214,2023,12,7,26.5,1,Y
IDCJAC0010,66214,2023,12,8,29.5,1,Y
IDCJAC0010,66214,2023,12,9,40,1,Y
IDCJAC0010,66214,2023,12,10,27.6,1,Y
IDCJAC0010,66214,2023,12,11,29.4,1,Y
IDCJAC0010,66214,2023,12,12,29.3,1,Y
IDCJAC0010,66214,2023,12,13,29.2,1,Y
IDCJAC0010,66214,2023,12,14,38.9,1,Y
IDCJAC0010,66214,2023,12,15,28.3,1,Y
IDCJAC0010,66214,2023,12,16,35.3,1,Y
IDCJAC0010,66214,2023,12,17,28.5,1,Y
IDCJAC0010,66214,2023,12,18,29,1,Y
IDCJAC0010,66214,2023,12,19,33.5,1,Y
IDCJAC0010,66214,2023,12,20,18.5,1,Y
IDCJAC0010,66214,2023,12,21,22,1,Y
IDCJAC0010,66214,2023,12,22,25.6,1,Y
IDCJAC0010,66214,2023,12,23,25.9,1,Y
IDCJAC0010,66214,2023,12,24,24.4,1,Y
IDCJAC0010,66214,2023,12,25,27.9,1,Y
IDCJAC0010,66214,2023,12,26,29.7,1,Y
IDCJAC0010,66214,2023,12,27,26.3,1,Y
IDCJAC0010,66214,2023,12,28,29.5,1,Y
IDCJAC0010,66214,2023,12,29,26.6,1,Y
IDCJAC0010,66214,2023,12,30,27.7,1,Y
IDCJAC0010,66214,2023,12,31,21.6,1,Y
IDCJAC0010,66214,2024,1,1,24.8,1,Y
IDCJAC0010,66214,2024,1,2,27.6,1,Y
IDCJAC0010,66214,2024,1,3,27.5,1,Y
IDCJAC0010,66214,2024,1,4,26.9,1,Y
IDCJAC0010,66214,2024,1,5,26,1,Y
IDCJAC0010,66214,2024,1,6,27.8,1,Y
IDCJAC0010,66214,2024,1,7,27.8,1,Y
IDCJAC0010,66214,2024,1,8,27.3,1,Y
IDCJAC0010,66214,2024,1,9,28,1,Y
IDCJAC0010,66214,2024,1,10,29.3,1,Y
IDCJAC0010,66214,2024,1,11,30.8,1,Y
IDCJAC0010,66214,2024,1,12,30.1,1,Y
IDCJAC0010,66214,2024,1,13,29.9,1,Y
IDCJAC0010,66214,2024,1,14,26.7,1,Y
IDCJAC0010,66214,2024,1,15,23.7,1,Y
IDCJAC0010,66214,2024,1,16,26,1,Y
IDCJAC0010,66214,2024,1,17,28.6,1,Y
IDCJAC0010,66214,2024,1,18,29.7,1,Y
IDCJAC0010,66214,2024,1,19,29.1,1,Y
IDCJAC0010,66214,2024,1,20,26.5,1,Y
IDCJAC0010,66214,2024,1,21,33.9,1,Y
IDCJAC0010,66214,2024,1,22,24.9,1,Y
IDCJAC0010,66214,2024,1,23,27,1,Y
IDCJAC0010,66214,2024,1,24,29.8,1,Y
IDCJAC0010,66214,2024,1,25,32.1,1,Y
IDCJAC0010,66214,2024,1,26,38.5,1,Y
IDCJAC0010,66214,2024,1,27,24.6,1,Y
IDCJAC0010,66214,2024,1,28,27.8,1,Y
IDCJAC0010,66214,2024,1,29,29.4,1,Y
IDCJAC0010,66214,2024,1,30,27,1,Y
IDCJAC0010,66214,2024,1,31,28,1,Y
IDCJAC0010,66214,2024,2,1,29,1,Y
IDCJAC0010,66214,2024,2,2,31.2,1,Y
IDCJAC0010,66214,2024,2,3,28.4,1,Y
IDCJAC0010,66214,2024,2,4,31,1,Y
IDCJAC0010,66214,2024,2,5,34.3,1,Y
IDCJAC0010,66214,2024,2,6,24.1,1,Y
IDCJAC0010,66214,2024,2,7,24.6,1,Y
IDCJAC0010,66214,2024,2,8,25.1,1,Y
IDCJAC0010,66214,2024,2,9,24.3,1,Y
IDCJAC0010,66214,2024,2,10,26.1,1,Y
IDCJAC0010,66214,2024,2,11,27.1,1,Y
IDCJAC0010,66214,2024,2,12,,,
IDCJAC0010,66214,2024,2,13,30.6,1,Y
IDCJAC0010,66214,2024,2,14,31.1,1,Y
IDCJAC0010,66214,2024,2,15,21.8,1,Y
IDCJAC0010,66214,2024,2,16,28.3,1,Y
IDCJAC0010,66214,2024,2,17,30.6,1,Y
IDCJAC0010,66214,2024,2,18,30.7,1,Y
IDCJAC0010,66214,2024,2,19,,,
IDCJAC0010,66214,2024,2,20,23.1,1,Y
IDCJAC0010,66214,2024,2,21,27.7,1,Y
IDCJAC0010,66214,2024,2,22,29.6,1,Y
IDCJAC0010,66214,2024,2,23,36.8,1,Y
IDCJAC0010,66214,2024,2,24,21.6,1,Y
IDCJAC0010,66214,2024,2,25,28.3,1,Y
IDCJAC0010,66214,2024,2,26,27.9,1,Y
IDCJAC0010,66214,2024,2,27,24.6,1,Y
IDCJAC0010,66214,2024,2,28,29.4,1,Y
IDCJAC0010,66214,2024,2,29,32.8,1,Y
IDCJAC0010,66214,2024,3,1,27.9,1,Y
IDCJAC0010,66214,2024,3,2,25.7,1,Y
IDCJAC0010,66214,2024,3,3,31,1,Y
IDCJAC0010,66214,2024,3,4,23.3,1,Y
IDCJAC0010,66214,2024,3,5,26.6,1,Y
IDCJAC0010,66214,2024,3,6,28.3,1,Y
IDCJAC0010,66214,2024,3,7,28.1,1,Y
IDCJAC0010,66214,2024,3,8,29.3,1,Y
IDCJAC0010,66214,2024,3,9,30.5,1,Y
IDCJAC0010,66214,2024,3,10,29.6,1,Y
IDCJAC0010,66214,2024,3,11,29.4,1,Y
IDCJAC0010,66214,2024,3,12,30.1,1,Y
IDCJAC0010,66214,2024,3,13,30.1,1,Y
IDCJAC0010,66214,2024,3,14,32,1,Y
IDCJAC0010,66214,2024,3,15,25.4,1,Y
IDCJAC0010,66214,2024,3,16,26.8,1,Y
IDCJAC0010,66214,2024,3,17,22.8,1,Y
IDCJAC0010,66214,2024,3,18,26.4,1,Y
IDCJAC0010,66214,2024,3,19,27.1,1,Y
IDCJAC0010,66214,2024,3,20,25,1,Y
IDCJAC0010,66214,2024,3,21,22.4,1,Y
IDCJAC0010,66214,2024,3,22,24.5,1,Y
IDCJAC0010,66214,2024,3,23,27.4,1,Y
IDCJAC0010,66214,2024,3,24,27.3,1,Y
IDCJAC0010,66214,2024,3,25,30,1,Y
IDCJAC0010,66214,2024,3,26,28.4,1,Y
IDCJAC0010,66214,2024,3,27,26.4,1,Y
IDCJAC0010,66214,2024,3,28,25.7,1,Y
IDCJAC0010,66214,2024,3,29,26.7,1,Y
IDCJAC0010,66214,2024,3,30,26.9,1,Y
IDCJAC0010,66214,2024,3,31,27.5,1,Y
IDCJAC0010,66214,2024,4,1,28.6,1,Y
IDCJAC0010,66214,2024,4,2,25.3,1,Y
IDCJAC0010,66214,2024,4,3,25.3,1,Y
IDCJAC0010,66214,2024,4,4,21.3,1,Y
IDCJAC0010,66214,2024,4,5,20.5,1,Y
IDCJAC0010,66214,2024,4,6,28.5,1,Y
IDCJAC0010,66214,2024,4,7,27.9,1,Y
IDCJAC0010,66214,2024,4,8,25.5,1,Y
IDCJAC0010,66214,2024,4,9,22.5,1,Y
IDCJAC0010,66214,2024,4,10,21.4,1,Y
IDCJAC0010,66214,2024,4,11,22.4,1,Y
IDCJAC0010,66214,2024,4,12,24.7,1,Y
IDCJAC0010,66214,2024,4,13,25,1,Y
IDCJAC0010,66214,2024,4,14,25.7,1,Y
IDCJAC0010,66214,2024,4,15,26.2,1,Y
IDCJAC0010,66214,2024,4,16,25,1,Y
IDCJAC0010,66214,2024,4,17,23.3,1,Y
IDCJAC0010,66214,2024,4,18,24.8,1,Y
IDCJAC0010,66214,2024,4,19,22.5,1,Y
IDCJAC0010,66214,2024,4,20,18.9,1,Y
IDCJAC0010,66214,2024,4,21,21.6,1,Y
IDCJAC0010,66214,2024,4,22,24.3,1,Y
IDCJAC0010,66214,2024,4,23,25.7,1,Y
IDCJAC0010,66214,2024,4,24,26.3,1,Y
IDCJAC0010,66214,2024,4,25,22.4,1,Y
IDCJAC0010,66214,2024,4,26,21.2,1,Y
IDCJAC0010,66214,2024,4,27,23.4,1,Y
IDCJAC0010,66214,2024,4,28,24.9,1,Y
IDCJAC0010,66214,2024,4,29,27.7,1,Y
IDCJAC0010,66214,2024,4,30,19.8,1,Y
IDCJAC0010,66214,2024,5,1,18.9,1,Y
IDCJAC0010,66214,2024,5,2,19.8,1,Y
IDCJAC0010,66214,2024,5,3,16.8,1,Y
IDCJAC0010,66214,2024,5,4,19.5,1,Y
IDCJAC0010,66214,2024,5,5,19.2,1,Y
IDCJAC0010,66214,2024,5,6,22.3,1,Y
IDCJAC0010,66214,2024,5,7,23.3,1,Y
IDCJAC0010,66214,2024,5,8,21.3,1,Y
IDCJAC0010,66214,2024,5,9,20.1,1,Y
IDCJAC0010,66214,2024,5,10,19.8,1,Y
IDCJAC0010,66214,2024,5,11,17.1,1,Y
IDCJAC0010,66214,2024,5,12,22.5,1,Y
IDCJAC0010,66214,2024,5,13,21.3,1,Y
IDCJAC0010,66214,2024,5,14,23.1,1,Y
IDCJAC0010,66214,2024,5,15,,,
IDCJAC0010,66214,2024,5,16,22.6,1,Y
IDCJAC0010,66214,2024,5,17,23.7,1,Y
IDCJAC0010,66214,2024,5,18,15.9,1,Y
IDCJAC0010,66214,2024,5,19,20,1,Y
IDCJAC0010,66214,2024,5,20,18.5,1,Y
IDCJAC0010,66214,2024,5,21,18.7,1,Y
IDCJAC0010,66214,2024,5,22,20.7,1,Y
IDCJAC0010,66214,2024,5,23,21.3,1,Y
IDCJAC0010,66214,2024,5,24,21.9,1,Y
IDCJAC0010,66214,2024,5,25,19,1,Y
IDCJAC0010,66214,2024,5,26,22.1,1,Y
IDCJAC0010,66214,2024,5,27,21.3,1,Y
IDCJAC0010,66214,2024,5,28,22.4,1,Y
IDCJAC0010,66214,2024,5,29,21.3,1,Y
IDCJAC0010,66214,2024,5,30,24.2,1,Y
IDCJAC0010,66214,2024,5,31,20.8,1,Y
IDCJAC0010,66214,2024,6,1,15.8,1,N
IDCJAC0010,66214,2024,6,2,16.6,1,N
IDCJAC0010,66214,2024,6,3,19,1,N
IDCJAC0010,66214,2024,6,4,18.2,1,N
IDCJAC0010,66214,2024,6,5,18.5,1,N
IDCJAC0010,66214,2024,6,6,16.3,1,N
IDCJAC0010,66214,2024,6,7,19.3,1,Y
IDCJAC0010,66214,2024,6,8,19.1,1,N
IDCJAC0010,66214,2024,6,9,21.2,1,N
IDCJAC0010,66214,2024,6,10,18.3,1,N
IDCJAC0010,66214,2024,6,11,16.6,1,N
IDCJAC0010,66214,2024,6,12,19.1,1,N
IDCJAC0010,66214,2024,6,13,16.8,1,N
IDCJAC0010,66214,2024,6,14,14.4,1,N
IDCJAC0010,66214,2024,6,15,13.9,1,N
IDCJAC0010,66214,2024,6,16,17.1,1,N
IDCJAC0010,66214,2024,6,17,16.3,1,N
IDCJAC0010,66214,2024,6,18,18.4,1,N
IDCJAC0010,66214,2024,6,19,17.7,1,N
IDCJAC0010,66214,2024,6,20,17.8,1,N
IDCJAC0010,66214,2024,6,21,19.5,1,N
